transaction_id,sale_date,customer_id,product_id,Store_ID,CampaignID,SaleAmount,DiscountPercentage,payment_type
1,5/4/2025,1034,2059,402,0,2048.2,15,cash
2,5/4/2025,1066,2048,403,1,321.87,5,debit
3,5/4/2025,1116,2041,403,3,3216.84,5,debit
4,5/4/2025,1071,2096,404,2,1613.23,20,storecredit
5,5/4/2025,1020,2060,401,0,408.38,5,debit
6,5/4/2025,1089,2028,401,0,1275.88,15,cash
7,5/4/2025,1193,2003,402,1,346.66,20,storecredit
8,5/4/2025,1005,2079,402,1,855.49,20,storecredit
9,5/4/2025,1032,2060,401,1,735.08,20,storecredit
10,5/4/2025,1119,2089,403,2,661.63,5,debit
11,5/4/2025,1042,2077,401,N/A,505.65,15,cash
12,5/4/2025,1079,2013,401,2,0,15,cash
13,5/4/2025,1147,2086,404,3,4470.5,15,cash
14,5/4/2025,1183,2025,401,1,503.32,5,debit
15,5/4/2025,1026,2089,403,0,413.52,5,debit
16,5/4/2025,1144,2005,403,3,1715.12,20,storecredit
17,5/4/2025,1169,2047,401,2,535.97,5,debit
18,5/4/2025,1003,2053,404,0,3660.9,15,cash
19,5/4/2025,1110,2046,404,1,30.09,20,storecredit
20,5/4/2025,1111,2022,403,3,671.18,20,storecredit
21,5/4/2025,1119,2055,403,2,?,20,storecredit
22,5/4/2025,1062,2011,403,3,1229.22,5,debit
23,5/4/2025,1062,2096,404,3,672.18,15,cash
24,5/4/2025,1086,2003,404,2,924.43,15,cash
25,5/4/2025,1046,2062,402,2,1981.95,15,cash
26,5/4/2025,1066,2043,403,2,698.76,5,debit
27,5/4/2025,1142,2001,402,0,1237.05,5,debit
28,5/4/2025,1061,2092,404,3,482.21,20,storecredit
29,5/4/2025,1142,2097,402,3,4210.5,5,debit
30,5/4/2025,1165,2091,404,3,4528.95,15,cash
31,,1004,2011,403,1,737.53,20,storecredit
32,5/4/2025,1103,2088,402,2,0,20,storecredit
33,5/4/2025,1169,2074,403,3,0,20,storecredit
34,5/4/2025,1141,2067,403,3,872.85,5,debit
35,5/4/2025,1190,2070,403,2,54.69,15,cash
36,5/4/2025,1179,2058,403,2,1066.8,15,cash
37,5/4/2025,1064,2029,401,1,12.16,15,cash
38,5/4/2025,1080,2015,402,1,3037.36,5,debit
39,5/4/2025,1055,2094,404,2,1578.72,5,debit
40,5/4/2025,1185,2075,403,0,0,20,storecredit
41,5/4/2025,9999,2037,402,2,288.11,5,debit
42,5/4/2025,1045,2038,401,1,1667.72,15,cash
43,5/4/2025,1070,2005,401,2,686.05,20,storecredit
44,5/4/2025,1178,2016,404,0,0,20,storecredit
45,5/4/2025,1003,2073,403,3,1498.29,20,storecredit
46,5/4/2025,1122,2056,403,1,944.5,5,debit
47,5/4/2025,1013,2032,404,0,2836.8,15,cash
48,5/4/2025,1016,2051,404,0,117.32,15,cash
49,5/4/2025,1147,2080,401,1,0,15,cash
50,5/4/2025,1038,2072,403,0,840.6,5,debit
51,5/4/2025,1063,2015,404,1,1214.95,5,debit
52,5/4/2025,1198,2066,404,3,516.06,20,storecredit
53,5/4/2025,1113,2038,404,2,2223.62,5,debit
54,5/4/2025,1145,2079,401,0,1901.08,15,cash
55,5/4/2025,1195,2026,402,2,507.74,20,storecredit
56,5/4/2025,1169,2010,402,1,140.11,20,storecredit
57,5/4/2025,1044,2070,401,1,0,20,storecredit
58,5/4/2025,1000,2052,404,3,2193.78,5,debit
59,5/4/2025,1074,2004,402,2,741.8,15,cash
60,5/4/2025,1180,2036,404,0,217.98,15,cash
61,5/4/2025,1175,2029,403,1,36.48,15,cash
62,5/4/2025,1108,2014,402,1,221.67,5,debit
63,5/4/2025,1068,2018,401,0,2169.04,5,debit
64,5/4/2025,1042,2039,403,3,2929.32,20,storecredit
65,5/4/2025,1031,2059,403,3,0,5,debit
66,5/4/2025,1069,2064,404,3,1470.2,15,cash
67,5/4/2025,1020,2076,401,3,4836.42,20,storecredit
68,5/4/2025,1188,2041,403,0,1608.42,20,storecredit
69,5/4/2025,1023,2029,401,2,0,20,storecredit
70,5/4/2025,1147,2005,402,3,0,5,debit
71,5/4/2025,1132,2083,404,2,614.53,15,cash
72,5/4/2025,1046,2074,404,3,659.5,15,cash
73,5/4/2025,1023,2060,403,3,1225.14,15,cash
74,5/4/2025,1085,2041,401,1,1447.58,5,debit
75,5/4/2025,1084,2052,404,2,2925.04,5,debit
76,5/4/2025,1169,2051,401,3,117.32,20,storecredit
77,5/4/2025,1022,2040,403,2,55.26,5,debit
78,5/4/2025,1029,2098,404,0,3631.44,15,cash
79,5/4/2025,1168,2069,404,3,232.39,20,storecredit
80,5/4/2025,1013,2024,403,3,372.81,20,storecredit
81,5/4/2025,1160,2056,401,1,472.25,20,storecredit
82,5/4/2025,1068,2070,402,2,109.38,5,debit
83,5/4/2025,1112,2089,404,0,2067.6,15,cash
84,5/4/2025,1007,2080,402,1,1498.07,15,cash
85,5/4/2025,1079,2070,401,3,34.18,15,cash
86,5/4/2025,1023,2028,401,3,2551.76,5,debit
87,5/4/2025,1030,2082,402,3,799.8,5,debit
88,5/4/2025,1183,2037,403,3,2160.84,20,storecredit
89,5/4/2025,1123,2060,402,3,2450.28,5,debit
90,5/4/2025,1141,2018,404,1,2440.17,15,cash
91,5/4/2025,1153,2065,402,0,470.34,20,storecredit
92,5/4/2025,1070,2098,404,2,0,20,storecredit
93,5/4/2025,1129,2034,401,2,108.94,20,storecredit
94,5/4/2025,1185,2038,404,1,1667.72,5,debit
95,5/4/2025,1114,2068,404,2,656.19,15,cash
96,5/4/2025,1085,2070,404,3,0,15,cash
97,5/4/2025,1082,2024,402,3,372.81,15,cash
98,5/4/2025,1059,2099,404,0,1292.64,5,debit
99,5/4/2025,1081,2095,404,3,490.79,5,debit
100,5/4/2025,1098,2084,402,3,0,20,storecredit
101,5/4/2025,1009,2016,403,0,969.06,5,debit
102,5/4/2025,1112,2012,404,0,1869.57,15,cash
103,5/4/2025,1184,2018,404,1,488.03,20,storecredit
104,5/4/2025,1019,2060,403,2,0,20,storecredit
105,5/4/2025,1159,2088,404,0,0,20,storecredit
106,5/4/2025,1084,2086,404,2,2861.12,5,debit
107,5/4/2025,1160,2091,404,0,905.79,15,cash
108,5/4/2025,1158,2008,402,2,159.82,15,cash
109,5/4/2025,1058,2095,401,3,2453.95,15,cash
110,5/4/2025,1025,2097,401,3,842.1,5,debit
111,5/4/2025,1042,2088,403,0,709.35,5,debit
112,5/4/2025,1011,2041,401,2,0,20,storecredit
113,5/4/2025,1091,2047,404,1,0,5,debit
114,5/4/2025,1062,2067,404,1,0,15,cash
115,5/4/2025,1043,2022,401,3,2684.72,20,storecredit
116,5/4/2025,1158,2087,402,3,477.96,20,storecredit
117,5/4/2025,1149,2018,402,3,1626.78,20,storecredit
118,5/4/2025,1163,2032,404,2,756.48,5,debit
119,5/4/2025,1170,2001,404,2,659.76,15,cash
120,5/4/2025,1173,2069,402,0,464.78,15,cash
121,5/4/2025,1113,2044,403,3,0,15,cash
122,5/4/2025,1176,2032,404,2,756.48,5,debit
123,5/4/2025,1050,2049,404,0,2819.52,5,debit
124,5/4/2025,1060,2048,403,2,1144.42,20,storecredit
125,5/4/2025,1179,2037,401,3,1440.56,5,debit
126,5/4/2025,1070,2001,401,3,0,15,cash
127,5/4/2025,1073,2099,402,2,0,20,storecredit
128,5/4/2025,1056,2081,402,2,0,20,storecredit
129,5/4/2025,1173,2096,402,0,672.18,20,storecredit
130,5/4/2025,1160,2082,401,2,426.56,5,debit
131,5/4/2025,1112,2004,403,1,1669.05,15,cash
132,5/4/2025,1023,2037,403,3,2160.84,15,cash
133,5/4/2025,1044,2025,402,2,223.7,15,cash
134,5/4/2025,1135,2064,403,1,793.91,5,debit
135,5/4/2025,1065,2061,403,2,639.74,5,debit
136,5/4/2025,1029,2059,401,1,921.69,20,storecredit
137,5/4/2025,1193,2028,404,2,1531.06,5,debit
138,5/4/2025,1023,2050,401,2,298.85,15,cash
139,5/4/2025,1137,2015,404,2,539.98,20,storecredit
140,5/4/2025,1172,2095,403,3,2453.95,20,storecredit
141,5/4/2025,1163,2047,401,1,301.48,20,storecredit
142,5/4/2025,1120,2003,403,1,1039.99,5,debit
143,5/4/2025,1165,2008,404,2,53.27,15,cash
144,5/4/2025,1166,2052,401,1,658.13,15,cash
145,5/4/2025,1011,2004,403,3,3709,15,cash
146,5/4/2025,1029,2012,402,1,0,5,debit
147,5/4/2025,1099,2058,403,3,666.75,5,debit
148,5/4/2025,1150,2095,402,3,490.79,20,storecredit
149,5/4/2025,1167,2012,404,3,0,5,debit
150,5/4/2025,1071,2004,403,1,834.52,15,cash
151,5/4/2025,1113,2056,402,2,839.55,20,storecredit
152,5/4/2025,1025,2087,403,2,0,20,storecredit
153,5/4/2025,1015,2050,403,1,504.31,20,storecredit
154,5/4/2025,1031,2058,401,1,2400.3,5,debit
155,5/4/2025,1164,2081,401,0,2984.88,15,cash
156,5/4/2025,1085,2031,402,1,508.77,15,cash
157,5/4/2025,1017,2097,402,1,757.89,15,cash
158,5/4/2025,1059,2042,402,0,0,5,debit
159,5/4/2025,1070,2018,402,2,0,5,debit
160,5/4/2025,1044,2014,401,1,886.68,20,storecredit
161,5/4/2025,1003,2045,402,2,499.42,5,debit
162,5/4/2025,1004,2022,403,0,671.18,15,cash
163,5/4/2025,1032,2094,404,0,493.35,20,storecredit
164,5/4/2025,1190,2008,404,3,266.36,20,storecredit
165,5/4/2025,1199,2046,401,3,167.15,20,storecredit
166,5/4/2025,1128,2028,401,2,2041.41,5,debit
167,5/4/2025,1117,2082,401,0,799.8,15,cash
168,5/4/2025,1122,2051,404,0,234.64,15,cash
169,5/4/2025,1125,2091,404,0,1811.58,15,cash
170,5/4/2025,1020,2041,402,0,0,5,debit
171,5/4/2025,1032,2035,403,3,4499.95,5,debit
172,5/4/2025,1152,2067,403,3,872.85,20,storecredit
173,5/4/2025,1129,2077,404,0,2809.15,5,debit
174,5/4/2025,1179,2014,402,3,738.9,15,cash
175,5/4/2025,1115,2029,404,2,0,20,storecredit
176,5/4/2025,1116,2051,404,0,351.96,20,storecredit
177,5/4/2025,1080,2054,403,2,3602.04,20,storecredit
178,5/4/2025,1095,2019,404,0,933.93,5,debit
179,5/4/2025,1023,2010,401,3,0,15,cash
180,5/4/2025,1024,2095,403,1,3533.69,15,cash
181,5/4/2025,1142,2007,403,0,583.39,15,cash
182,5/4/2025,1105,2045,404,0,624.28,5,debit
183,5/4/2025,1073,2076,403,2,1934.57,5,debit
184,5/4/2025,1026,2073,402,1,1797.95,20,storecredit
185,5/4/2025,1168,2061,402,0,599.76,5,debit
186,5/4/2025,1089,2071,403,0,0,15,cash
187,5/4/2025,1195,2035,402,3,0,20,storecredit
188,5/4/2025,1143,2098,401,2,2178.86,20,storecredit
189,5/4/2025,1007,2023,403,2,751.63,20,storecredit
190,5/4/2025,1086,2044,401,1,373.64,5,debit
191,5/4/2025,1036,2072,404,0,1260.9,15,cash
192,5/4/2025,1036,2094,401,0,2466.75,15,cash
193,5/4/2025,1191,2067,402,3,872.85,15,cash
194,5/4/2025,1107,2058,403,1,1800.22,5,debit
195,5/4/2025,1094,2039,403,0,1952.88,5,debit
196,5/4/2025,1013,2019,402,0,0,20,storecredit
197,5/4/2025,1172,2010,403,3,0,5,debit
198,5/4/2025,1169,2054,404,3,900.51,15,cash
199,5/4/2025,1106,2034,402,0,136.17,20,storecredit
200,5/4/2025,1088,2055,401,2,129.46,20,storecredit
201,5/4/2025,1173,2086,404,2,715.28,20,storecredit
202,5/4/2025,1011,2028,404,0,0,5,debit
203,5/4/2025,1001,2026,403,1,190.4,15,cash
204,5/4/2025,1196,2017,403,2,370.96,15,cash
205,5/4/2025,1083,2015,401,3,0,15,cash
206,5/4/2025,1191,2055,402,1,48.55,5,debit
207,5/4/2025,1097,2068,402,2,1312.38,5,debit
208,5/4/2025,1018,2050,401,3,0,20,storecredit
209,5/4/2025,1004,2058,401,2,1066.8,5,debit
210,5/4/2025,1147,2054,404,3,2701.53,15,cash
211,5/4/2025,1074,2014,404,0,738.9,20,storecredit
212,5/4/2025,1083,2021,404,2,668.33,20,storecredit
213,5/4/2025,1022,2055,401,1,97.09,20,storecredit
214,5/4/2025,1111,2075,404,0,1561.28,5,debit
215,5/4/2025,1101,2039,403,1,2636.39,15,cash
216,5/4/2025,1085,2099,402,0,646.32,15,cash
217,5/4/2025,1130,2081,401,1,1343.2,15,cash
218,5/4/2025,1198,2044,403,1,186.82,5,debit
219,5/4/2025,1060,2013,402,2,0,5,debit
220,5/4/2025,1050,2022,402,0,671.18,20,storecredit
221,5/4/2025,1045,2098,404,3,907.86,5,debit
222,5/4/2025,1193,2072,404,2,1681.2,15,cash
223,5/4/2025,1160,2040,402,3,138.16,20,storecredit
224,5/4/2025,1017,2060,404,2,0,20,storecredit
225,5/4/2025,1070,2075,401,2,624.51,20,storecredit
226,5/4/2025,1129,2009,403,3,198.93,5,debit
227,5/4/2025,1115,2004,401,2,2225.4,15,cash
228,5/4/2025,1073,2009,401,3,66.31,15,cash
229,5/4/2025,1118,2074,401,3,659.5,15,cash
230,5/4/2025,1146,2083,402,2,614.53,5,debit
231,5/4/2025,1154,2060,402,0,408.38,5,debit
232,5/4/2025,1115,2013,403,0,2806.08,20,storecredit
233,5/4/2025,1129,2082,402,0,1066.4,5,debit
234,5/4/2025,1063,2090,404,3,71.64,15,cash
235,5/4/2025,1134,2066,402,2,1238.54,20,storecredit
236,5/4/2025,1095,2036,404,3,653.94,20,storecredit
237,5/4/2025,1198,2043,401,2,1397.52,20,storecredit
238,5/4/2025,1016,2042,401,3,0,5,debit
239,5/4/2025,1072,2032,402,2,1512.96,15,cash
240,5/4/2025,1020,2074,402,2,527.6,15,cash
241,5/4/2025,1079,2083,404,1,691.34,15,cash
242,5/4/2025,1152,2090,401,2,57.31,5,debit
243,5/4/2025,1143,2048,403,1,0,5,debit
244,5/4/2025,1171,2089,401,3,1654.08,20,storecredit
245,5/4/2025,1130,2046,401,2,106.98,5,debit
246,5/4/2025,1079,2023,402,2,3006.53,15,cash
247,5/4/2025,1196,2062,402,1,1114.85,20,storecredit
248,5/4/2025,1035,2019,401,2,0,20,storecredit
249,5/4/2025,1025,2064,401,2,705.7,20,storecredit
250,5/4/2025,1196,2079,402,3,2851.62,5,debit
251,5/4/2025,1039,2020,402,1,338.25,15,cash
252,5/4/2025,1184,2056,401,3,1574.16,15,cash
253,5/4/2025,1093,2086,402,3,3576.4,15,cash
254,5/4/2025,1156,2036,404,1,392.36,5,debit
255,5/4/2025,1136,2030,403,3,509.91,5,debit
256,5/4/2025,1049,2047,404,3,1674.9,20,storecredit
257,5/4/2025,1196,2036,404,3,0,5,debit
258,5/4/2025,1041,2025,402,2,671.09,15,cash
259,5/4/2025,1013,2082,404,2,1066.4,20,storecredit
260,5/4/2025,1141,2013,401,2,748.29,20,storecredit
261,5/4/2025,1021,2097,402,2,673.68,20,storecredit
262,5/4/2025,1115,2065,402,3,1881.36,5,debit
263,5/4/2025,1023,2028,404,2,510.35,15,cash
264,5/4/2025,1006,2053,401,3,610.15,15,cash
265,5/4/2025,1128,2047,402,3,1004.94,15,cash
266,5/4/2025,1020,2047,402,0,669.96,5,debit
267,5/4/2025,1081,2012,403,1,1682.61,5,debit
268,5/4/2025,1035,2004,403,3,927.25,20,storecredit
269,5/4/2025,1178,2017,404,3,1854.8,5,debit
270,5/4/2025,1157,2000,401,0,1938.62,15,cash
271,5/4/2025,1065,2027,402,3,775.83,20,storecredit
272,5/4/2025,1028,2099,403,1,3490.13,20,storecredit
273,5/4/2025,1077,2015,401,1,1822.42,20,storecredit
274,5/4/2025,1107,2081,404,0,2238.66,5,debit
275,5/4/2025,1028,2063,401,1,994.43,15,cash
276,5/4/2025,1183,2018,403,3,2711.3,15,cash
277,5/4/2025,1000,2078,403,1,0,15,cash
278,5/4/2025,1146,2053,402,0,1220.3,5,debit
279,5/4/2025,1134,2046,401,0,33.43,5,debit
280,5/4/2025,1099,2060,401,3,1633.52,20,storecredit
281,5/4/2025,1095,2032,401,2,1512.96,5,debit
282,5/4/2025,1017,2044,402,0,207.58,15,cash
283,5/4/2025,1197,2074,403,1,593.55,20,storecredit
284,5/4/2025,1011,2045,403,1,842.78,20,storecredit
285,5/4/2025,1199,2087,404,3,159.32,20,storecredit
286,5/4/2025,1161,2023,402,0,939.54,5,debit
287,5/4/2025,1183,2099,404,0,1292.64,15,cash
288,5/4/2025,1075,2025,401,1,0,15,cash
289,5/4/2025,1010,2040,403,3,138.16,15,cash
290,5/4/2025,1139,2060,403,0,1225.14,5,debit
291,5/4/2025,1192,2082,402,2,213.28,5,debit
292,5/4/2025,1091,2099,401,2,1034.11,20,storecredit
293,5/4/2025,1069,2015,403,3,2699.88,5,debit
294,5/4/2025,1102,2095,404,3,1472.37,15,cash
295,5/4/2025,1086,2023,404,3,3758.16,20,storecredit
296,5/4/2025,1094,2066,403,0,1032.12,20,storecredit
297,5/4/2025,1186,2054,401,3,0,20,storecredit
298,5/4/2025,1154,2023,403,2,751.63,5,debit
299,5/4/2025,1026,2010,403,2,62.27,15,cash
300,5/4/2025,1078,2057,404,1,393.28,15,cash
301,5/4/2025,1176,2056,403,3,524.72,15,cash
302,5/4/2025,1010,2093,403,3,0,5,debit
303,5/4/2025,1070,2081,401,0,1492.44,5,debit
304,5/4/2025,1171,2081,404,2,596.98,20,storecredit
305,5/4/2025,1131,2095,402,0,1472.37,5,debit
306,5/4/2025,1036,2077,404,0,1123.66,15,cash
307,5/4/2025,1032,2008,402,2,106.54,20,storecredit
308,5/4/2025,1092,2049,401,1,0,20,storecredit
309,5/4/2025,1173,2057,403,2,349.58,20,storecredit
310,5/4/2025,1113,2097,401,1,757.89,5,debit
311,5/4/2025,1135,2046,404,2,80.23,15,cash
312,5/4/2025,1166,2035,402,0,899.99,15,cash
313,5/4/2025,1006,2094,402,3,1480.05,15,cash
314,5/4/2025,1132,2049,401,2,1503.74,5,debit
315,5/4/2025,1198,2033,404,1,2257.88,5,debit
316,5/4/2025,1156,2036,404,1,784.73,20,storecredit
317,5/4/2025,1031,2017,401,3,0,5,debit
318,5/4/2025,1044,2091,404,0,1811.58,15,cash
319,5/4/2025,1174,2040,403,0,34.54,20,storecredit
320,5/4/2025,1140,2069,403,2,557.74,20,storecredit
321,5/4/2025,1040,2091,402,2,724.63,20,storecredit
322,5/4/2025,1130,2028,401,1,574.15,5,debit
323,5/4/2025,1035,2030,404,0,339.94,15,cash
324,5/4/2025,1092,2070,403,3,102.54,15,cash
325,5/4/2025,1141,2016,401,0,0,15,cash
326,5/4/2025,1079,2050,404,3,186.78,5,debit
327,5/4/2025,1196,2052,401,1,2632.54,5,debit
328,5/4/2025,1081,2082,401,3,1066.4,20,storecredit
329,5/4/2025,1119,2087,403,1,0,5,debit
330,5/4/2025,1199,2070,402,1,30.76,15,cash
331,5/4/2025,1110,2064,401,0,0,20,storecredit
332,5/4/2025,1132,2019,403,1,1681.07,20,storecredit
333,5/4/2025,1041,2041,402,2,643.37,20,storecredit
334,5/4/2025,1132,2036,401,2,348.77,5,debit
335,5/4/2025,1050,2081,403,1,2686.39,15,cash
336,5/4/2025,1160,2038,401,1,0,15,cash
337,5/4/2025,1151,2074,402,1,1187.1,15,cash
338,5/4/2025,1168,2079,403,0,1901.08,5,debit
339,5/4/2025,1007,2010,401,2,62.27,5,debit
340,5/4/2025,1166,2026,404,0,0,20,storecredit
341,5/4/2025,1127,2080,403,2,1997.42,5,debit
342,5/4/2025,1123,2031,404,2,1356.72,15,cash
343,5/4/2025,1116,2009,401,1,119.36,20,storecredit
344,5/4/2025,1112,2053,404,3,0,20,storecredit
345,5/4/2025,1052,2043,402,2,698.76,20,storecredit
346,5/4/2025,1183,2040,403,3,103.62,5,debit
347,5/4/2025,1033,2097,403,0,4210.5,15,cash
348,5/4/2025,1081,2030,404,0,339.94,15,cash
349,5/4/2025,1068,2057,402,1,1179.85,15,cash
350,5/4/2025,1024,2006,403,3,594,5,debit
351,5/4/2025,1157,2053,402,1,1098.27,5,debit
352,5/4/2025,1083,2073,403,1,2247.44,20,storecredit
353,5/4/2025,1195,2020,404,3,1879.15,5,debit
354,5/4/2025,1127,2039,404,0,1952.88,15,cash
355,5/4/2025,1023,2050,404,1,0,20,storecredit
356,5/4/2025,1055,2074,403,0,1978.5,20,storecredit
357,5/4/2025,1012,2036,404,3,653.94,20,storecredit
358,5/4/2025,1073,2068,401,0,2460.72,5,debit
359,5/4/2025,1110,2017,403,2,370.96,15,cash
360,5/4/2025,1195,2051,403,0,117.32,15,cash
361,5/4/2025,1102,2006,402,2,792,15,cash
362,5/4/2025,1141,2036,401,3,871.92,5,debit
363,5/4/2025,1129,2057,403,0,1747.92,5,debit
364,5/4/2025,1032,2012,404,2,997.1,20,storecredit
365,5/4/2025,1086,2071,403,1,553.64,5,debit
366,5/4/2025,1050,2077,404,0,561.83,15,cash
367,5/4/2025,1011,2004,402,2,0,20,storecredit
368,5/4/2025,1121,2066,404,1,0,20,storecredit
369,5/4/2025,1155,2065,402,2,1128.82,20,storecredit
370,5/4/2025,1156,2040,402,3,138.16,5,debit
371,5/4/2025,1157,2094,403,2,1578.72,15,cash
372,5/4/2025,1129,2065,404,2,752.54,15,cash
373,5/4/2025,1121,2002,403,2,2771.2,15,cash
374,5/4/2025,1172,2014,404,2,197.04,5,debit
375,5/4/2025,1185,2088,401,3,2128.05,5,debit
376,5/4/2025,1067,2083,402,0,0,20,storecredit
377,5/4/2025,1149,2061,402,3,1199.52,5,debit
378,5/4/2025,1037,2087,402,0,318.64,15,cash
379,5/4/2025,1146,2089,401,1,744.34,20,storecredit
380,5/4/2025,1004,2056,403,3,2098.88,20,storecredit
381,5/4/2025,1038,2052,402,3,2193.78,20,storecredit
382,5/4/2025,1128,2099,404,0,3877.92,5,debit
383,5/4/2025,1180,2017,402,2,741.92,15,cash
384,5/4/2025,1169,2061,404,2,319.87,15,cash
385,5/4/2025,1044,2058,403,2,1066.8,15,cash
386,5/4/2025,1173,2098,403,3,3631.44,5,debit
387,5/4/2025,1049,2031,403,2,1356.72,5,debit
388,5/4/2025,1057,2038,403,1,2501.58,20,storecredit
389,5/4/2025,1176,2090,404,2,343.87,5,debit
390,5/4/2025,1122,2044,403,2,166.06,15,cash
391,5/4/2025,1031,2073,404,3,1498.29,20,storecredit
392,5/4/2025,1088,2098,402,2,726.29,20,storecredit
393,5/4/2025,1010,2036,401,2,348.77,20,storecredit
394,5/4/2025,1113,2083,403,3,3072.64,5,debit
395,5/4/2025,1054,2025,403,2,671.09,15,cash
396,5/4/2025,1035,2013,402,1,1683.65,15,cash
397,5/4/2025,1012,2085,402,1,217.94,15,cash
398,5/4/2025,1013,2012,404,2,1994.21,5,debit
399,5/4/2025,1183,2060,401,1,367.54,5,debit
400,5/4/2025,1001,2070,402,3,102.54,20,storecredit
401,5/4/2025,1167,2060,404,1,735.08,5,debit
402,5/4/2025,1193,2036,403,2,348.77,15,cash
403,5/4/2025,1165,2007,401,1,0,20,storecredit
404,5/4/2025,1136,2094,401,1,1776.06,20,storecredit
405,5/4/2025,1106,2022,401,3,671.18,20,storecredit
406,5/4/2025,1126,2023,403,0,0,5,debit
407,5/4/2025,1002,2038,401,2,1482.42,15,cash
408,5/4/2025,1072,2058,404,1,1200.15,15,cash
409,5/4/2025,1129,2059,403,1,1382.54,15,cash
410,5/4/2025,1028,2042,402,3,502.83,5,debit
411,5/4/2025,1165,2032,402,0,0,5,debit
412,5/4/2025,1188,2043,403,1,1572.21,20,storecredit
413,5/4/2025,1044,2078,404,3,426.03,5,debit
414,5/4/2025,1131,2041,401,3,3216.84,15,cash
415,5/4/2025,1171,2012,402,1,1121.74,20,storecredit
416,5/4/2025,1122,2041,402,0,1608.42,20,storecredit
417,5/4/2025,1066,2049,402,3,0,20,storecredit
418,5/4/2025,1192,2034,403,2,326.81,5,debit
419,5/4/2025,1149,2092,401,2,1157.3,15,cash
420,5/4/2025,1167,2046,402,0,133.72,15,cash
421,5/4/2025,1170,2015,404,2,0,15,cash
422,5/4/2025,1040,2051,403,0,469.28,5,debit
423,5/4/2025,1163,2037,403,1,0,5,debit
424,5/4/2025,1056,2017,404,1,834.66,20,storecredit
425,5/4/2025,1116,2095,403,3,490.79,5,debit
426,5/4/2025,1179,2070,404,1,61.52,15,cash
427,5/4/2025,1195,2031,401,3,1695.9,20,storecredit
428,5/4/2025,1135,2090,403,0,0,20,storecredit
429,5/4/2025,1144,2014,401,1,443.34,20,storecredit
430,5/4/2025,1146,2068,402,1,2952.86,5,debit
431,5/4/2025,1083,2066,404,0,516.06,15,cash
432,5/4/2025,1174,2026,404,0,423.12,15,cash
433,5/4/2025,1130,2057,401,3,1747.92,15,cash
434,5/4/2025,1033,2065,404,3,0,5,debit
435,5/4/2025,1144,2007,404,2,933.42,5,debit
436,5/4/2025,1185,2002,404,2,692.8,20,storecredit
437,5/4/2025,1000,2095,402,0,0,5,debit
438,5/4/2025,1011,2054,403,0,900.51,15,cash
439,5/4/2025,1138,2007,401,3,2333.56,20,storecredit
440,5/4/2025,1008,2036,404,1,196.18,20,storecredit
441,5/4/2025,1196,2017,404,2,741.92,20,storecredit
442,5/4/2025,1097,2057,404,3,436.98,5,debit
443,5/4/2025,1020,2087,402,2,637.28,15,cash
444,5/4/2025,1030,2022,404,1,604.06,15,cash
445,5/4/2025,1186,2028,401,0,2551.76,15,cash
446,5/4/2025,1076,2059,404,3,1536.15,5,debit
447,5/4/2025,1058,2031,404,2,0,5,debit
448,5/4/2025,1039,2035,402,0,899.99,20,storecredit
449,5/4/2025,1008,2084,404,0,845.55,5,debit
450,5/4/2025,1061,2026,401,0,423.12,15,cash
451,5/4/2025,1152,2004,404,0,2781.75,20,storecredit
452,5/4/2025,1062,2094,401,3,1973.4,20,storecredit
453,5/4/2025,1112,2029,402,0,13.51,20,storecredit
454,5/4/2025,1035,2064,403,1,0,5,debit
455,5/4/2025,1187,2073,403,2,399.54,15,cash
456,5/4/2025,1060,2038,402,1,3335.44,15,cash
457,5/4/2025,1105,2038,403,0,1853.02,15,cash
458,5/4/2025,1142,2075,402,3,3903.2,5,debit
459,5/4/2025,1142,2063,401,2,1325.9,5,debit
460,5/4/2025,1164,2085,404,2,387.44,20,storecredit
461,5/4/2025,1178,2053,404,1,1647.4,5,debit
462,5/4/2025,1076,2048,402,3,1072.89,15,cash
463,5/4/2025,1061,2028,403,1,1148.29,20,storecredit
464,5/4/2025,1118,2007,404,3,1750.17,20,storecredit
465,5/4/2025,1142,2067,402,3,1163.8,20,storecredit
466,5/4/2025,1062,2032,402,2,756.48,5,debit
467,5/4/2025,1165,2010,404,2,124.54,15,cash
468,5/4/2025,1023,2068,402,0,2460.72,15,cash
469,5/4/2025,1068,2048,401,0,715.26,15,cash
470,5/4/2025,1048,2097,402,3,0,5,debit
471,5/4/2025,1053,2042,403,0,167.61,5,debit
472,5/4/2025,1054,2024,401,3,372.81,20,storecredit
473,5/4/2025,1062,2089,402,3,1240.56,5,debit
474,5/4/2025,1061,2070,403,2,27.34,15,cash
475,5/4/2025,1097,2059,403,2,0,20,storecredit
476,5/4/2025,1066,2046,404,3,200.58,20,storecredit
477,5/4/2025,1025,2092,404,2,771.54,20,storecredit
478,5/4/2025,1052,2047,403,3,334.98,5,debit
479,5/4/2025,1011,2072,402,1,756.54,15,cash
480,5/4/2025,1004,2033,404,2,0,15,cash
481,5/4/2025,1039,2025,403,1,503.32,15,cash
482,5/4/2025,1097,2072,402,3,420.3,5,debit
483,5/4/2025,1140,2083,403,2,1843.58,5,debit
484,5/4/2025,1195,2062,404,3,3096.8,20,storecredit
485,5/4/2025,1043,2093,403,1,1360.69,5,debit
486,5/4/2025,1035,2092,404,1,0,15,cash
487,5/4/2025,1138,2082,401,0,533.2,20,storecredit
488,5/4/2025,1019,2085,401,0,484.3,20,storecredit
489,5/4/2025,1105,2017,402,0,1391.1,20,storecredit
490,5/4/2025,1181,2019,401,1,4202.68,5,debit
491,5/4/2025,1129,2058,403,0,1333.5,15,cash
492,5/4/2025,1158,2081,404,3,2984.88,15,cash
493,5/4/2025,1004,2000,404,0,2907.93,15,cash
494,5/4/2025,1004,2067,403,2,465.52,5,debit
495,5/4/2025,1004,2064,404,1,1323.18,5,debit
496,5/4/2025,1027,2012,402,1,1121.74,20,storecredit
497,5/4/2025,1049,2079,403,2,3802.16,5,debit
498,5/4/2025,1068,2050,401,2,0,15,cash
499,5/4/2025,1103,2058,402,1,600.08,20,storecredit
500,5/4/2025,1076,2087,401,0,159.32,20,storecredit
501,5/4/2025,1023,2051,404,3,351.96,20,storecredit
502,5/4/2025,1141,2060,401,0,408.38,5,debit
503,5/4/2025,1179,2021,401,3,835.41,15,cash
504,5/4/2025,1111,2082,403,0,0,15,cash
505,5/4/2025,1135,2005,402,1,1157.71,15,cash
506,5/4/2025,1177,2072,404,2,1008.72,5,debit
507,5/4/2025,1011,2009,403,0,0,5,debit
508,5/4/2025,1045,2040,401,1,31.09,20,storecredit
509,5/4/2025,1150,2018,404,0,1084.52,5,debit
510,5/4/2025,1076,2020,402,3,2254.98,15,cash
511,5/4/2025,1173,2069,403,3,232.39,20,storecredit
512,5/4/2025,1193,2094,402,0,1480.05,20,storecredit
513,5/4/2025,1128,2095,403,0,0,20,storecredit
514,5/4/2025,1025,2055,402,0,107.88,5,debit
515,5/4/2025,1087,2077,404,2,449.46,15,cash
516,5/4/2025,1007,2081,403,3,746.22,15,cash
517,5/4/2025,1125,2029,403,3,40.53,15,cash
518,5/4/2025,1110,2023,404,0,1879.08,5,debit
519,5/4/2025,1197,2079,403,1,855.49,5,debit
520,5/4/2025,1182,2009,401,2,53.05,20,storecredit
521,5/4/2025,1039,2048,402,3,357.63,5,debit
522,5/4/2025,1081,2046,401,0,33.43,15,cash
523,5/4/2025,1001,2039,404,2,2343.46,20,storecredit
524,5/4/2025,1194,2034,401,1,245.11,20,storecredit
525,5/4/2025,1022,2023,404,3,5637.24,20,storecredit
526,5/4/2025,1142,2071,404,0,615.16,5,debit
527,5/4/2025,1006,2011,403,0,1229.22,15,cash
528,5/4/2025,1152,2076,403,3,2418.21,15,cash
529,5/4/2025,1003,2037,404,3,1440.56,15,cash
530,5/4/2025,1199,2010,402,1,210.17,5,debit
531,5/4/2025,1175,2048,402,1,965.6,5,debit
532,5/4/2025,1068,2038,403,3,0,20,storecredit
533,5/4/2025,1037,2008,402,3,266.36,5,debit
534,5/4/2025,1070,2053,403,3,1830.45,15,cash
535,5/4/2025,1005,2009,403,2,53.05,20,storecredit
536,5/4/2025,1063,2092,404,1,867.98,20,storecredit
537,5/4/2025,1117,2013,402,2,2244.86,20,storecredit
538,5/4/2025,1001,2050,403,3,0,5,debit
539,5/4/2025,1084,2056,403,3,1574.16,15,cash
540,5/4/2025,1166,2076,402,2,0,15,cash
541,5/4/2025,1082,2077,402,3,0,15,cash
542,5/4/2025,1080,2022,404,2,1073.89,5,debit
543,5/4/2025,1074,2094,404,1,444.02,5,debit
544,5/4/2025,1083,2048,403,3,0,20,storecredit
545,5/4/2025,1093,2014,402,1,221.67,5,debit
546,5/4/2025,1174,2098,401,3,2723.58,15,cash
547,5/4/2025,1181,2026,404,2,507.74,20,storecredit
548,5/4/2025,1177,2008,404,3,332.95,20,storecredit
549,5/4/2025,1035,2081,403,1,1343.2,20,storecredit
550,5/4/2025,1064,2084,402,3,845.55,5,debit
551,5/4/2025,1096,2009,404,3,198.93,15,cash
552,5/4/2025,1149,2051,404,0,0,15,cash
553,5/4/2025,1092,2089,401,0,827.04,15,cash
554,5/4/2025,1196,2031,403,1,1526.31,5,debit
555,5/4/2025,1165,2078,401,3,142.01,5,debit
556,5/4/2025,1192,2042,404,0,1005.66,20,storecredit
557,5/4/2025,1002,2012,403,1,560.87,5,debit
558,5/4/2025,1130,2095,402,3,1963.16,15,cash
559,5/4/2025,1095,2050,404,1,168.1,20,storecredit
560,5/4/2025,1088,2003,404,0,385.18,20,storecredit
561,5/4/2025,1075,2053,401,0,1830.45,20,storecredit
562,5/4/2025,1186,2018,403,2,1301.42,5,debit
563,5/4/2025,1087,2058,402,3,2667,15,cash
564,5/4/2025,1089,2060,401,3,408.38,15,cash
565,5/4/2025,1184,2089,404,2,1984.9,15,cash
566,5/4/2025,1017,2038,401,0,0,5,debit
567,5/4/2025,1005,2043,401,1,786.1,5,debit
568,5/4/2025,1189,2031,402,1,2035.08,20,storecredit
569,5/4/2025,1084,2071,404,3,0,5,debit
570,5/4/2025,1059,2051,402,1,527.94,15,cash
571,5/4/2025,1163,2084,404,3,845.55,20,storecredit
572,5/4/2025,1007,2094,402,3,493.35,20,storecredit
573,5/4/2025,1151,2054,404,0,0,20,storecredit
574,5/4/2025,1180,2027,402,2,0,5,debit
575,5/4/2025,1192,2090,401,0,286.56,15,cash
576,5/4/2025,1137,2023,403,2,1503.26,15,cash
577,5/4/2025,1050,2058,401,2,1066.8,15,cash
578,5/4/2025,1171,2062,403,3,619.36,5,debit
579,5/4/2025,1156,2050,401,2,0,5,debit
580,5/4/2025,1090,2058,402,2,1066.8,20,storecredit
581,5/4/2025,1157,2075,401,1,702.58,5,debit
582,5/4/2025,1080,2015,402,2,1619.93,15,cash
583,5/4/2025,1029,2023,403,1,0,20,storecredit
584,5/4/2025,1130,2049,404,1,845.86,20,storecredit
585,5/4/2025,1147,2049,404,1,845.86,20,storecredit
586,5/4/2025,1124,2081,402,1,2686.39,5,debit
587,5/4/2025,1125,2036,402,1,588.55,15,cash
588,5/4/2025,1080,2057,401,2,699.17,15,cash
589,5/4/2025,1002,2062,402,1,1114.85,15,cash
590,5/4/2025,1098,2071,404,3,1845.48,5,debit
591,5/4/2025,1175,2062,404,3,1858.08,5,debit
592,5/4/2025,1125,2021,401,0,1670.82,20,storecredit
593,5/4/2025,1194,2028,403,0,637.94,5,debit
594,5/4/2025,1070,2028,403,1,0,15,cash
595,5/4/2025,1199,2058,404,0,2667,20,storecredit
596,5/4/2025,1146,2014,403,2,0,20,storecredit
597,5/4/2025,1138,2096,401,3,2688.72,20,storecredit
598,5/4/2025,1139,2027,404,0,258.61,5,debit
599,5/4/2025,1188,2083,402,2,1229.06,15,cash
600,5/4/2025,1008,2057,403,2,699.17,15,cash
601,5/4/2025,1022,2056,401,1,2361.24,15,cash
602,5/4/2025,1053,2094,403,3,493.35,15,cash
603,5/4/2025,1042,2078,402,1,127.81,5,debit
604,5/4/2025,1052,2007,403,2,2333.56,5,debit
605,5/4/2025,1152,2068,402,2,656.19,20,storecredit
606,5/4/2025,1180,2037,403,2,288.11,5,debit
607,5/4/2025,1131,2086,401,1,2414.07,15,cash
608,5/4/2025,1192,2052,401,2,0,20,storecredit
609,5/4/2025,1167,2016,402,1,290.72,20,storecredit
610,5/4/2025,1037,2091,403,1,0,20,storecredit
611,5/4/2025,1194,2086,404,3,0,5,debit
612,5/4/2025,1036,2073,403,3,1997.72,15,cash
613,5/4/2025,1096,2057,401,0,1310.94,15,cash
614,5/4/2025,1103,2065,403,2,376.27,15,cash
615,5/4/2025,1116,2062,403,0,1238.72,5,debit
616,5/4/2025,1198,2093,401,3,0,5,debit
617,5/4/2025,1162,2085,403,0,0,20,storecredit
618,5/4/2025,1136,2050,402,3,933.9,5,debit
619,5/4/2025,1054,2063,403,2,441.97,15,cash
620,5/4/2025,1072,2043,402,3,4367.25,20,storecredit
621,5/4/2025,1087,2087,401,0,637.28,20,storecredit
622,5/4/2025,1025,2080,404,0,3329.04,20,storecredit
623,5/4/2025,1031,2020,404,3,1127.49,5,debit
624,5/4/2025,1000,2054,402,1,1620.92,15,cash
625,5/4/2025,1166,2038,402,2,2223.62,15,cash
626,5/4/2025,1023,2083,403,2,1229.06,15,cash
627,5/4/2025,1021,2047,402,0,1674.9,5,debit
628,5/4/2025,1101,2080,403,1,3745.17,5,debit
629,5/4/2025,1109,2083,401,0,768.16,20,storecredit
630,5/4/2025,1000,2027,404,0,517.22,5,debit
631,5/4/2025,1033,2075,402,3,780.64,15,cash
632,5/4/2025,1002,2001,403,0,824.7,20,storecredit
633,5/4/2025,1108,2088,402,3,3546.75,20,storecredit
634,5/4/2025,1018,2029,404,0,27.02,20,storecredit
635,5/4/2025,1187,2013,401,2,2993.15,5,debit
636,5/4/2025,1094,2038,402,3,926.51,15,cash
637,5/4/2025,1198,2096,402,1,1814.89,15,cash
638,5/4/2025,1017,2067,401,1,523.71,15,cash
639,5/4/2025,1112,2044,402,1,560.47,5,debit
640,5/4/2025,1105,2078,404,1,383.43,5,debit
641,5/4/2025,1022,2012,402,0,623.19,20,storecredit
642,5/4/2025,1150,2093,404,2,1814.26,5,debit
643,5/4/2025,1109,2040,402,1,31.09,15,cash
644,5/4/2025,1070,2082,401,1,719.82,20,storecredit
645,5/4/2025,1141,2076,403,0,3224.28,20,storecredit
646,5/4/2025,1168,2038,402,1,1667.72,20,storecredit
647,5/4/2025,1191,2050,403,0,560.34,5,debit
648,5/4/2025,1005,2030,404,3,679.88,15,cash
649,5/4/2025,1028,2030,404,0,509.91,15,cash
650,5/4/2025,1135,2001,403,2,989.64,15,cash
651,5/4/2025,1033,2049,404,2,751.87,5,debit
652,5/4/2025,1139,2087,402,3,0,5,debit
653,5/4/2025,1197,2009,401,0,265.24,20,storecredit
654,5/4/2025,1003,2033,402,0,836.25,5,debit
655,5/4/2025,1015,2050,403,3,560.34,15,cash
656,5/4/2025,1108,2089,404,0,413.52,20,storecredit
657,5/4/2025,1163,2068,402,2,3280.96,20,storecredit
658,5/4/2025,1021,2039,401,1,878.8,20,storecredit
659,5/4/2025,1039,2068,403,3,2460.72,5,debit
660,5/4/2025,1150,2081,401,2,1193.95,15,cash
661,5/4/2025,1178,2055,402,0,53.94,15,cash
662,5/4/2025,1062,2011,404,0,0,15,cash
663,5/4/2025,1116,2078,401,2,0,5,debit
664,5/4/2025,1170,2094,402,0,986.7,5,debit
665,5/4/2025,1003,2090,402,0,143.28,20,storecredit
666,5/4/2025,1041,2063,403,2,1325.9,5,debit
667,5/4/2025,1042,2047,402,2,803.95,15,cash
668,5/4/2025,1187,2015,401,2,0,20,storecredit
669,5/4/2025,1109,2034,401,2,326.81,20,storecredit
670,5/4/2025,1182,2073,401,3,499.43,20,storecredit
671,5/4/2025,1116,2065,403,0,470.34,5,debit
672,5/4/2025,1127,2072,402,2,1008.72,15,cash
673,5/4/2025,1040,2032,401,0,0,15,cash
674,5/4/2025,1058,2094,401,0,493.35,15,cash
675,5/4/2025,1003,2031,401,3,1695.9,5,debit
676,5/4/2025,1093,2049,402,1,1691.71,5,debit
677,5/4/2025,1009,2070,404,1,30.76,20,storecredit
678,5/4/2025,1082,2031,404,2,452.24,5,debit
679,5/4/2025,1069,2009,403,0,0,15,cash
680,5/4/2025,1128,2086,401,1,804.69,20,storecredit
681,5/4/2025,1057,2066,401,3,1548.18,20,storecredit
682,5/4/2025,1017,2059,403,2,409.64,20,storecredit
683,5/4/2025,1083,2011,404,0,1638.96,5,debit
684,5/4/2025,1094,2025,403,2,223.7,15,cash
685,5/4/2025,1189,2079,402,3,3802.16,15,cash
686,5/4/2025,1094,2075,404,1,702.58,15,cash
687,5/4/2025,1187,2069,402,1,627.45,5,debit
688,5/4/2025,1001,2052,401,1,0,5,debit
689,5/4/2025,1138,2044,401,2,166.06,20,storecredit
690,5/4/2025,1000,2097,404,2,1347.36,5,debit
691,5/4/2025,1026,2026,402,3,211.56,15,cash
692,5/4/2025,1125,2007,402,2,933.42,20,storecredit
693,5/4/2025,1023,2005,402,3,1286.34,20,storecredit
694,5/4/2025,1179,2047,404,0,669.96,20,storecredit
695,5/4/2025,1148,2012,402,3,3115.95,5,debit
696,5/4/2025,1019,2075,401,3,2341.92,15,cash
697,5/4/2025,1169,2016,402,2,775.25,15,cash
698,5/4/2025,1066,2040,404,2,55.26,15,cash
699,5/4/2025,1081,2057,403,1,393.28,5,debit
700,5/4/2025,1019,2025,402,0,559.24,5,debit
701,5/4/2025,1039,2013,402,3,4676.8,20,storecredit
702,5/4/2025,1119,2040,404,0,69.08,5,debit
703,5/4/2025,1137,2045,402,3,0,15,cash
704,5/4/2025,1078,2059,403,0,1536.15,20,storecredit
705,5/4/2025,1023,2020,403,0,0,20,storecredit
706,5/4/2025,1055,2041,402,0,4021.05,20,storecredit
707,5/4/2025,1182,2031,403,3,1695.9,5,debit
708,5/4/2025,1131,2006,403,2,475.2,15,cash
709,5/4/2025,1044,2003,404,3,1155.54,15,cash
710,5/4/2025,1142,2095,402,0,2453.95,15,cash
711,5/4/2025,1118,2013,402,0,1870.72,5,debit
712,5/4/2025,1003,2007,402,1,1050.1,5,debit
713,5/4/2025,1050,2051,403,0,117.32,20,storecredit
714,5/4/2025,1149,2075,403,0,780.64,5,debit
715,5/4/2025,1005,2008,402,3,466.13,15,cash
716,5/4/2025,1032,2011,403,0,409.74,20,storecredit
717,5/4/2025,1010,2059,401,1,921.69,20,storecredit
718,5/4/2025,1146,2055,404,3,0,20,storecredit
719,5/4/2025,1007,2048,404,1,1287.47,5,debit
720,5/4/2025,1090,2027,402,2,413.78,15,cash
721,5/4/2025,1071,2057,402,0,1310.94,15,cash
722,5/4/2025,1157,2079,402,2,2281.3,15,cash
723,5/4/2025,1127,2052,404,0,2193.78,5,debit
724,5/4/2025,1022,2035,404,1,1619.98,5,debit
725,5/4/2025,1107,2025,402,0,279.62,20,storecredit
726,5/4/2025,1097,2091,403,3,2717.37,5,debit
727,5/4/2025,1139,2062,403,2,1486.46,15,cash
728,5/4/2025,1099,2034,402,0,408.51,20,storecredit
729,5/4/2025,1081,2076,402,0,2418.21,20,storecredit
730,5/4/2025,1199,2035,401,3,2699.97,20,storecredit
731,5/4/2025,1135,2045,402,1,842.78,5,debit
732,5/4/2025,1025,2031,402,2,904.48,15,cash
733,5/4/2025,1136,2094,401,1,0,15,cash
734,5/4/2025,1147,2049,403,1,3383.42,15,cash
735,5/4/2025,1045,2030,403,2,407.93,5,debit
736,5/4/2025,1151,2003,403,1,693.32,5,debit
737,5/4/2025,1144,2024,404,2,298.25,20,storecredit
738,5/4/2025,1044,2062,401,0,1238.72,5,debit
739,5/4/2025,1014,2029,402,0,13.51,15,cash
740,5/4/2025,1134,2061,401,2,639.74,20,storecredit
741,5/4/2025,1157,2025,402,2,671.09,20,storecredit
742,5/4/2025,1183,2022,403,0,2684.72,20,storecredit
743,5/4/2025,1005,2018,402,0,542.26,5,debit
744,5/4/2025,1134,2046,401,2,53.49,15,cash
745,5/4/2025,1180,2084,404,0,281.85,15,cash
746,5/4/2025,1086,2038,403,1,1667.72,15,cash
747,5/4/2025,1040,2093,404,3,755.94,5,debit
748,5/4/2025,1166,2040,402,2,27.63,5,debit
749,5/4/2025,1057,2085,402,3,1452.9,20,storecredit
750,5/4/2025,1078,2093,403,1,0,5,debit
751,5/4/2025,1045,2093,401,3,2267.82,15,cash
752,5/4/2025,1197,2072,401,1,1513.08,20,storecredit
753,5/4/2025,1154,2040,402,0,69.08,20,storecredit
754,5/4/2025,1127,2018,403,0,0,20,storecredit
755,5/4/2025,1060,2044,403,1,934.11,5,debit
756,5/4/2025,1162,2011,403,3,1229.22,15,cash
757,5/4/2025,1002,2033,402,1,3010.5,15,cash
758,5/4/2025,1177,2008,403,2,159.82,15,cash
759,5/4/2025,1027,2092,401,0,482.21,5,debit
760,5/4/2025,1098,2056,404,1,944.5,5,debit
761,5/4/2025,1105,2063,404,2,2209.84,20,storecredit
762,5/4/2025,1139,2048,401,3,357.63,5,debit
763,5/4/2025,1147,2083,402,1,691.34,15,cash
764,5/4/2025,1115,2009,401,2,53.05,20,storecredit
765,5/4/2025,1005,2040,403,0,103.62,20,storecredit
766,5/4/2025,1018,2043,402,3,2620.35,20,storecredit
767,5/4/2025,1041,2093,401,0,755.94,5,debit
768,5/4/2025,1086,2076,404,0,0,15,cash
769,5/4/2025,1110,2083,402,3,768.16,15,cash
770,5/4/2025,1040,2006,401,2,0,15,cash
771,5/4/2025,1052,2024,404,2,298.25,5,debit
772,5/4/2025,1169,2036,403,1,392.36,5,debit
773,5/4/2025,1024,2006,404,3,0,20,storecredit
774,5/4/2025,1039,2006,403,0,198,5,debit
775,5/4/2025,1109,2011,403,3,1638.96,15,cash
776,5/4/2025,1051,2012,401,1,1121.74,20,storecredit
777,5/4/2025,1043,2081,403,0,746.22,20,storecredit
778,5/4/2025,1121,2014,403,3,985.2,20,storecredit
779,5/4/2025,1120,2062,403,0,2477.44,5,debit
780,5/4/2025,1164,2069,404,1,0,15,cash
781,5/4/2025,1094,2048,403,1,321.87,15,cash
782,5/4/2025,1114,2005,403,3,428.78,15,cash
783,5/4/2025,1119,2033,402,2,1338,5,debit
784,5/4/2025,1144,2007,402,0,1166.78,5,debit
785,5/4/2025,1021,2085,403,3,0,20,storecredit
786,5/4/2025,1193,2075,402,0,1561.28,5,debit
787,5/4/2025,1099,2066,404,3,0,15,cash
788,5/4/2025,1146,2030,404,2,543.9,20,storecredit
789,5/4/2025,1020,2050,401,1,168.1,20,storecredit
790,5/4/2025,1030,2096,404,1,3024.81,20,storecredit
791,5/4/2025,1042,2027,402,1,232.75,5,debit
792,5/4/2025,1010,2054,401,3,900.51,15,cash
793,5/4/2025,1051,2080,402,2,0,15,cash
794,5/4/2025,1081,2093,401,0,755.94,15,cash
795,5/4/2025,1099,2071,404,2,984.26,5,debit
796,5/4/2025,1070,2066,404,0,0,5,debit
797,5/4/2025,1179,2079,404,0,2851.62,20,storecredit
798,5/4/2025,1106,2019,402,0,3735.72,5,debit
799,5/4/2025,1027,2072,401,2,672.48,15,cash
800,5/4/2025,1137,2044,404,2,830.32,20,storecredit
801,5/4/2025,1098,2083,404,3,2304.48,20,storecredit
802,5/4/2025,1009,2022,403,3,2684.72,20,storecredit
803,5/4/2025,1036,2079,404,0,950.54,5,debit
804,5/4/2025,1101,2042,402,0,335.22,15,cash
805,5/4/2025,1190,2060,403,2,0,15,cash
806,5/4/2025,1005,2043,403,2,2096.28,15,cash
807,5/4/2025,1071,2062,401,1,557.42,5,debit
808,5/4/2025,1034,2038,404,2,2223.62,5,debit
809,5/4/2025,1068,2093,404,0,2267.82,20,storecredit
810,5/4/2025,1048,2056,402,3,524.72,5,debit
811,5/4/2025,1189,2062,403,0,1858.08,15,cash
812,5/4/2025,1131,2020,401,2,0,20,storecredit
813,5/4/2025,1181,2064,404,1,264.64,20,storecredit
814,5/4/2025,1199,2067,401,1,0,20,storecredit
815,5/4/2025,1049,2025,401,1,503.32,5,debit
816,5/4/2025,1008,2058,401,2,533.4,15,cash
817,5/4/2025,1180,2025,403,2,894.78,15,cash
818,5/4/2025,1118,2064,404,0,882.12,15,cash
819,5/4/2025,1174,2003,402,2,308.14,5,debit
820,5/4/2025,1125,2076,404,1,725.46,5,debit
821,5/4/2025,1121,2075,403,2,2498.05,20,storecredit
822,5/4/2025,1041,2033,401,2,669,5,debit
823,5/4/2025,1007,2049,401,1,845.86,15,cash
824,5/4/2025,1146,2099,402,1,581.69,20,storecredit
825,5/4/2025,1165,2028,402,2,1531.06,20,storecredit
826,5/4/2025,1166,2052,401,0,731.26,20,storecredit
827,5/4/2025,1121,2016,402,0,646.04,5,debit
828,5/4/2025,1057,2032,403,2,3782.4,15,cash
829,5/4/2025,1108,2048,403,3,357.63,15,cash
830,5/4/2025,1064,2027,404,2,413.78,15,cash
831,5/4/2025,1173,2066,404,0,2580.3,5,debit
832,5/4/2025,1001,2065,403,2,376.27,5,debit
833,5/4/2025,1076,2087,401,3,796.6,20,storecredit
834,5/4/2025,1016,2043,403,2,2795.04,5,debit
835,5/4/2025,1070,2033,403,1,752.62,15,cash
836,5/4/2025,1038,2066,402,0,1032.12,20,storecredit
837,5/4/2025,1153,2051,403,1,316.76,20,storecredit
838,5/4/2025,1184,2003,404,2,1848.86,20,storecredit
839,5/4/2025,1066,2053,404,3,0,5,debit
840,5/4/2025,1188,2004,402,2,2967.2,15,cash
841,5/4/2025,1185,2091,402,3,3623.16,15,cash
842,5/4/2025,1171,2045,403,1,280.93,15,cash
843,5/4/2025,1168,2071,402,2,1968.51,5,debit
844,5/4/2025,1024,2060,402,2,326.7,5,debit
845,5/4/2025,1185,2071,402,2,984.26,20,storecredit
846,5/4/2025,1167,2011,402,2,327.79,5,debit
847,5/4/2025,1057,2095,403,3,2453.95,15,cash
848,5/4/2025,1084,2047,403,2,803.95,20,storecredit
849,5/4/2025,1118,2015,404,0,4049.82,20,storecredit
850,5/4/2025,1162,2074,401,3,659.5,20,storecredit
851,5/4/2025,1049,2064,401,3,882.12,5,debit
852,5/4/2025,1135,2038,404,0,926.51,15,cash
853,5/4/2025,1038,2017,402,2,741.92,15,cash
854,5/4/2025,1104,2072,404,1,1134.81,15,cash
855,5/4/2025,1080,2091,402,0,2717.37,5,debit
856,5/4/2025,1124,2042,402,2,0,5,debit
857,5/4/2025,1162,2007,401,3,583.39,20,storecredit
858,5/4/2025,1070,2026,402,1,190.4,5,debit
859,5/4/2025,1125,2097,401,1,3031.56,15,cash
860,5/4/2025,1157,2055,404,3,53.94,20,storecredit
861,5/4/2025,1109,2061,404,0,799.68,20,storecredit
862,5/4/2025,1009,2068,402,2,0,20,storecredit
863,5/4/2025,1003,2041,402,0,2412.63,5,debit
864,5/4/2025,1173,2000,402,1,872.38,15,cash
865,5/4/2025,1177,2044,403,1,373.64,15,cash
866,5/4/2025,1026,2049,403,1,3383.42,15,cash
867,5/4/2025,1016,2005,403,2,686.05,5,debit
868,5/4/2025,1116,2093,403,3,755.94,5,debit
869,5/4/2025,1175,2017,403,3,463.7,20,storecredit
870,5/4/2025,1091,2096,402,1,1209.92,5,debit
871,5/4/2025,1103,2002,402,1,779.4,15,cash
872,5/4/2025,1186,2016,402,0,646.04,20,storecredit
873,5/4/2025,1150,2064,402,0,294.04,20,storecredit
874,5/4/2025,1093,2091,401,3,2717.37,20,storecredit
875,5/4/2025,1163,2032,401,0,0,5,debit
876,5/4/2025,1169,2013,401,0,935.36,15,cash
877,5/4/2025,1176,2014,404,3,1231.5,15,cash
878,5/4/2025,1097,2015,403,3,2699.88,15,cash
879,5/4/2025,1179,2019,402,0,1867.86,5,debit
880,5/4/2025,1077,2053,401,2,976.24,5,debit
881,5/4/2025,1159,2077,402,3,561.83,20,storecredit
882,5/4/2025,1026,2065,401,2,1881.36,5,debit
883,5/4/2025,1029,2013,404,1,0,15,cash
884,5/4/2025,1155,2025,403,1,503.32,20,storecredit
885,5/4/2025,1091,2090,404,2,171.94,20,storecredit
886,5/4/2025,1041,2005,404,1,385.9,20,storecredit
887,5/4/2025,1176,2061,403,1,359.86,5,debit
888,5/4/2025,1000,2001,401,0,1649.4,15,cash
889,5/4/2025,1146,2085,404,1,653.81,15,cash
890,5/4/2025,1023,2099,401,0,1292.64,15,cash
891,5/4/2025,1065,2082,402,3,266.6,5,debit
892,5/4/2025,1075,2033,404,0,2508.75,5,debit
893,5/4/2025,1025,2022,401,2,1073.89,20,storecredit
894,5/4/2025,1092,2086,403,3,894.1,5,debit
895,5/4/2025,1189,2014,401,0,0,15,cash
896,5/4/2025,1002,2017,402,2,0,20,storecredit
897,5/4/2025,1091,2056,403,0,1049.44,20,storecredit
898,5/4/2025,1095,2043,402,0,0,20,storecredit
899,5/4/2025,1102,2051,404,2,93.86,5,debit
900,5/4/2025,1098,2088,404,3,0,15,cash
901,5/4/2025,1166,2021,401,1,0,15,cash
902,5/4/2025,1178,2092,401,1,867.98,15,cash
903,5/4/2025,1026,2053,404,3,1830.45,5,debit
904,5/4/2025,1046,2078,404,2,454.43,5,debit
905,5/4/2025,1156,2003,402,3,1925.9,20,storecredit
906,5/4/2025,1124,2014,404,3,0,5,debit
907,5/4/2025,1011,2008,403,2,106.54,15,cash
908,5/4/2025,1003,2090,402,2,57.31,20,storecredit
909,5/4/2025,1132,2066,401,3,1548.18,20,storecredit
910,5/4/2025,1169,2093,402,3,755.94,20,storecredit
911,5/4/2025,1088,2084,404,1,0,5,debit
912,5/4/2025,1142,2078,401,0,568.04,15,cash
913,5/4/2025,1164,2020,404,3,1879.15,15,cash
914,5/4/2025,1042,2009,404,2,53.05,15,cash
915,5/4/2025,1061,2042,403,0,167.61,5,debit
916,5/4/2025,1129,2028,404,3,2551.76,5,debit
917,5/4/2025,1060,2010,404,3,544.88,20,storecredit
918,5/4/2025,1146,2057,401,3,436.98,5,debit
919,5/4/2025,1114,2040,401,3,34.54,15,cash
920,5/4/2025,1190,2083,401,0,2304.48,20,storecredit
921,5/4/2025,1103,2052,401,0,2193.78,20,storecredit
922,5/4/2025,1023,2077,403,1,505.65,20,storecredit
923,5/4/2025,1167,2085,404,2,387.44,5,debit
924,5/4/2025,1093,2006,402,3,594,15,cash
925,5/4/2025,1084,2071,404,2,492.13,15,cash
926,5/4/2025,1183,2057,401,0,873.96,15,cash
927,5/4/2025,1194,2084,402,0,563.7,5,debit
928,5/4/2025,1087,2045,403,2,499.42,5,debit
929,5/4/2025,1179,2013,401,1,1683.65,20,storecredit
930,5/4/2025,1126,2017,404,0,927.4,5,debit
931,5/4/2025,1065,2078,402,1,127.81,15,cash
932,5/4/2025,1030,2050,402,3,186.78,20,storecredit
933,5/4/2025,1005,2024,403,0,621.35,20,storecredit
934,5/4/2025,1193,2053,401,0,1830.45,20,storecredit
935,5/4/2025,1197,2057,404,1,1179.85,5,debit
936,5/4/2025,1127,2000,401,3,969.31,15,cash
937,5/4/2025,1149,2061,402,1,359.86,15,cash
938,5/4/2025,1187,2016,401,3,2584.16,15,cash
939,5/4/2025,1168,2076,403,3,2418.21,5,debit
940,5/4/2025,1107,2077,402,2,898.93,5,debit
941,5/4/2025,1101,2043,403,3,3493.8,20,storecredit
942,5/4/2025,1034,2017,404,2,0,5,debit
943,5/4/2025,1179,2070,403,1,61.52,15,cash
944,5/4/2025,1051,2026,403,2,338.5,20,storecredit
945,5/4/2025,1172,2016,402,2,516.83,20,storecredit
946,5/4/2025,1181,2014,403,3,246.3,20,storecredit
947,5/4/2025,1149,2073,404,2,799.09,5,debit
948,5/4/2025,1108,2001,401,0,412.35,15,cash
949,5/4/2025,1097,2018,401,0,1084.52,15,cash
950,5/4/2025,1051,2034,402,2,217.87,15,cash
951,5/4/2025,1174,2032,402,0,4728,5,debit
952,5/4/2025,1176,2037,402,0,720.28,5,debit
953,5/4/2025,1091,2057,401,1,786.56,20,storecredit
954,5/4/2025,1190,2082,404,1,239.94,5,debit
955,5/4/2025,1130,2089,403,0,413.52,15,cash
956,5/4/2025,1097,2049,404,2,0,20,storecredit
957,5/4/2025,1141,2006,401,2,0,20,storecredit
958,5/4/2025,1051,2079,404,1,1710.97,20,storecredit
959,5/4/2025,1162,2090,403,1,257.9,5,debit
960,5/4/2025,1198,2092,402,2,771.54,15,cash
961,5/4/2025,1114,2022,401,1,3020.31,15,cash
962,5/4/2025,1044,2094,401,3,493.35,15,cash
963,5/4/2025,1010,2054,403,2,720.41,5,debit
964,5/4/2025,1033,2020,403,0,751.66,5,debit
965,5/4/2025,1084,2059,402,0,0,20,storecredit
966,5/4/2025,1039,2041,401,2,0,5,debit
967,5/4/2025,1125,2073,403,0,1997.72,15,cash
968,5/4/2025,1005,2090,403,1,193.43,20,storecredit
969,5/4/2025,1047,2066,401,1,464.45,20,storecredit
970,5/4/2025,1106,2069,404,0,464.78,20,storecredit
971,5/4/2025,1089,2028,402,2,0,5,debit
972,5/4/2025,1084,2046,403,1,0,15,cash
973,5/4/2025,1192,2079,404,0,950.54,15,cash
974,5/4/2025,1029,2085,403,3,726.45,15,cash
975,5/4/2025,1061,2082,402,0,533.2,5,debit
976,5/4/2025,1174,2041,404,0,804.21,5,debit
977,5/4/2025,1098,2032,403,0,0,20,storecredit
978,5/4/2025,1132,2098,403,3,3631.44,5,debit
979,5/4/2025,1124,2005,403,1,1157.71,15,cash
980,5/4/2025,1082,2065,401,0,1411.02,20,storecredit
981,5/4/2025,1042,2098,401,0,4539.3,20,storecredit
982,5/4/2025,1053,2085,402,3,726.45,20,storecredit
983,5/4/2025,1026,2026,404,0,423.12,5,debit
984,5/4/2025,1191,2087,402,0,477.96,15,cash
985,5/4/2025,1117,2091,403,0,1811.58,15,cash
986,5/4/2025,1022,2009,401,1,119.36,15,cash
987,5/4/2025,1064,2071,401,1,1107.29,5,debit
988,5/4/2025,1066,2052,404,3,5118.82,5,debit
989,5/4/2025,1161,2051,404,2,375.42,20,storecredit
990,5/4/2025,1004,2049,401,0,939.84,5,debit
991,5/4/2025,1164,2092,401,0,2893.26,15,cash
992,5/4/2025,1179,2009,403,0,66.31,20,storecredit
993,5/4/2025,1074,2087,403,0,477.96,20,storecredit
994,5/4/2025,1072,2097,404,3,842.1,20,storecredit
995,5/4/2025,1101,2084,401,3,1127.4,5,debit
996,5/4/2025,1040,2068,402,1,2952.86,15,cash
997,5/4/2025,1191,2050,403,1,504.31,15,cash
998,5/4/2025,1076,2086,403,0,2682.3,15,cash
999,5/4/2025,1141,2071,402,0,1230.32,5,debit
1000,5/4/2025,1010,2000,404,0,3877.24,5,debit
1001,5/4/2025,1078,2026,403,1,761.62,20,storecredit
1002,5/4/2025,1105,2082,402,1,239.94,5,debit
1003,5/4/2025,1047,2028,403,1,1148.29,15,cash
1004,5/4/2025,1029,2023,401,3,2818.62,20,storecredit
1005,5/4/2025,1165,2070,401,2,54.69,20,storecredit
1006,5/4/2025,1171,2008,403,0,133.18,20,storecredit
1007,5/4/2025,1050,2092,404,2,771.54,5,debit
1008,5/4/2025,1091,2016,402,0,1292.08,15,cash
1009,5/4/2025,1072,2079,401,1,855.49,15,cash
1010,5/4/2025,1081,2062,404,2,495.49,15,cash
1011,5/4/2025,1157,2084,403,1,253.67,5,debit
1012,5/4/2025,1144,2072,403,2,672.48,5,debit
1013,5/4/2025,1109,2021,401,2,668.33,20,storecredit
1014,5/4/2025,1063,2028,404,2,510.35,5,debit
1015,5/4/2025,1092,2017,403,3,1854.8,15,cash
1016,5/4/2025,1118,2057,403,2,699.17,20,storecredit
1017,5/4/2025,1124,2070,401,1,30.76,20,storecredit
1018,5/4/2025,1165,2077,401,2,449.46,20,storecredit
1019,5/4/2025,1035,2068,402,2,1968.58,5,debit
1020,5/4/2025,1187,2080,401,0,0,15,cash
1021,5/4/2025,1004,2064,401,3,882.12,15,cash
1022,5/4/2025,1196,2075,402,0,2341.92,15,cash
1023,5/4/2025,1141,2033,404,1,0,5,debit
1024,5/4/2025,1093,2050,402,2,448.27,5,debit
1025,5/4/2025,1034,2059,401,3,1536.15,20,storecredit
1026,5/4/2025,1093,2064,401,1,793.91,5,debit
1027,5/4/2025,1157,2087,402,1,286.78,15,cash
1028,5/4/2025,1114,2020,402,1,676.49,20,storecredit
1029,5/4/2025,1188,2093,404,2,1814.26,20,storecredit
1030,5/4/2025,1010,2028,404,1,1148.29,20,storecredit
1031,5/4/2025,1016,2033,403,1,2257.88,5,debit
1032,5/4/2025,1010,2085,402,2,387.44,15,cash
1033,5/4/2025,1099,2060,404,0,0,15,cash
1034,5/4/2025,1010,2083,403,0,768.16,15,cash
1035,5/4/2025,1180,2066,403,2,1238.54,5,debit
1036,5/4/2025,1148,2069,402,3,697.17,5,debit
1037,5/4/2025,1167,2048,403,0,1072.89,20,storecredit
1038,5/4/2025,1132,2032,404,1,851.04,5,debit
1039,5/4/2025,1132,2051,403,2,187.71,15,cash
1040,5/4/2025,1124,2061,401,1,0,20,storecredit
1041,5/4/2025,1112,2021,402,0,835.41,20,storecredit
1042,5/4/2025,1131,2082,403,1,239.94,20,storecredit
1043,5/4/2025,1038,2023,402,2,0,5,debit
1044,5/4/2025,1154,2091,401,1,3260.84,15,cash
1045,5/4/2025,1106,2042,401,3,1173.27,15,cash
1046,5/4/2025,1172,2061,404,1,719.71,15,cash
1047,5/4/2025,1151,2020,404,0,1127.49,5,debit
1048,5/4/2025,1062,2005,402,1,385.9,5,debit
1049,5/4/2025,1034,2080,401,1,2996.14,20,storecredit
1050,5/4/2025,1014,2021,403,1,1503.74,5,debit
1051,5/4/2025,1132,2051,401,2,281.57,15,cash
1052,5/4/2025,1021,2027,404,3,775.83,20,storecredit
1053,5/4/2025,1123,2021,402,3,0,20,storecredit
1054,5/4/2025,1153,2018,402,2,867.62,20,storecredit
1055,5/4/2025,1042,2092,403,3,1446.63,5,debit
1056,5/4/2025,1152,2075,401,1,2107.73,15,cash
1057,5/4/2025,1096,2049,402,0,939.84,15,cash
1058,5/4/2025,1004,2025,404,1,0,15,cash
1059,5/4/2025,1155,2012,402,3,623.19,5,debit
1060,5/4/2025,1157,2076,401,0,2418.21,5,debit
1061,5/4/2025,1023,2061,402,0,199.92,20,storecredit
1062,5/4/2025,1198,2086,404,3,894.1,5,debit
1063,5/4/2025,1094,2005,404,1,771.8,15,cash
1064,5/4/2025,1123,2098,404,2,3631.44,20,storecredit
1065,5/4/2025,1150,2094,401,3,2466.75,20,storecredit
1066,5/4/2025,1034,2032,404,1,1702.08,20,storecredit
1067,5/4/2025,1021,2036,404,2,348.77,5,debit
1068,5/4/2025,1048,2000,401,0,4846.55,15,cash
1069,5/4/2025,1133,2000,404,1,872.38,15,cash
1070,5/4/2025,1176,2040,404,2,55.26,15,cash
1071,5/4/2025,1027,2019,404,2,747.14,5,debit
1072,5/4/2025,1066,2068,404,2,1968.58,5,debit
1073,5/4/2025,1156,2035,404,1,0,20,storecredit
1074,5/4/2025,1105,2070,404,1,0,5,debit
1075,5/4/2025,1094,2071,404,2,984.26,15,cash
1076,5/4/2025,1078,2073,403,3,499.43,20,storecredit
1077,5/4/2025,1188,2017,401,1,417.33,20,storecredit
1078,5/4/2025,1114,2089,402,0,827.04,20,storecredit
1079,5/4/2025,1054,2065,404,2,376.27,5,debit
1080,5/4/2025,1140,2078,401,1,255.62,15,cash
1081,5/4/2025,1099,2081,401,0,1492.44,15,cash
1082,5/4/2025,1037,2060,404,0,1225.14,15,cash
1083,5/4/2025,1016,2033,402,2,2007,5,debit
1084,5/4/2025,1020,2077,401,3,561.83,5,debit
1085,5/4/2025,1102,2078,403,0,142.01,20,storecredit
1086,5/4/2025,1198,2022,404,3,671.18,5,debit
1087,5/4/2025,1002,2025,403,1,503.32,15,cash
1088,5/4/2025,1008,2076,402,1,1450.93,20,storecredit
1089,5/4/2025,1172,2004,403,1,834.52,20,storecredit
1090,5/4/2025,1167,2000,402,0,969.31,20,storecredit
1091,5/4/2025,1070,2099,404,2,1551.17,5,debit
1092,5/4/2025,1171,2050,404,1,168.1,15,cash
1093,5/4/2025,1132,2001,401,0,2061.75,15,cash
1094,5/4/2025,1140,2036,403,2,348.77,15,cash
1095,5/4/2025,1070,2028,402,3,2551.76,5,debit
1096,5/4/2025,1103,2073,401,2,0,5,debit
1097,5/4/2025,1044,2052,401,0,2193.78,20,storecredit
1098,5/4/2025,1128,2037,403,0,0,5,debit
1099,5/4/2025,1131,2032,403,3,4728,15,cash
1100,5/4/2025,1096,2072,404,1,378.27,20,storecredit
1101,5/4/2025,1193,2043,404,3,2620.35,20,storecredit
1102,5/4/2025,1150,2003,404,0,1155.54,20,storecredit
1103,5/4/2025,1066,2008,404,1,59.93,5,debit
1104,5/4/2025,1173,2089,402,2,0,15,cash
1105,5/4/2025,1105,2045,401,2,499.42,15,cash
1106,5/4/2025,1063,2036,401,3,653.94,15,cash
1107,5/4/2025,1172,2095,403,0,981.58,5,debit
1108,5/4/2025,1141,2022,404,2,0,5,debit
1109,5/4/2025,1090,2027,403,1,698.25,20,storecredit
1110,5/4/2025,1191,2087,402,3,955.92,5,debit
1111,5/4/2025,1188,2025,402,1,251.66,15,cash
1112,5/4/2025,1067,2026,402,1,380.81,20,storecredit
1113,5/4/2025,1063,2079,403,1,1710.97,20,storecredit
1114,5/4/2025,1199,2013,401,0,5612.16,20,storecredit
1115,5/4/2025,1173,2084,404,0,281.85,5,debit
1116,5/4/2025,1195,2069,401,3,697.17,15,cash
1117,5/4/2025,1095,2079,403,3,950.54,15,cash
1118,5/4/2025,1147,2035,404,1,809.99,15,cash
1119,5/4/2025,1195,2065,403,3,1411.02,5,debit
1120,5/4/2025,1056,2096,402,0,0,5,debit
1121,5/4/2025,1134,2054,404,0,3602.04,20,storecredit
1122,5/4/2025,1128,2044,404,1,373.64,5,debit
1123,5/4/2025,1117,2015,404,2,1619.93,15,cash
1124,5/4/2025,1176,2001,401,1,371.12,20,storecredit
1125,5/4/2025,1097,2074,401,2,527.6,20,storecredit
1126,5/4/2025,1092,2078,403,1,383.43,20,storecredit
1127,5/4/2025,1140,2033,402,2,1338,5,debit
1128,5/4/2025,1120,2078,403,2,227.22,15,cash
1129,5/4/2025,1047,2063,404,1,0,15,cash
1130,5/4/2025,1107,2089,403,2,330.82,15,cash
1131,5/4/2025,1102,2035,404,1,1619.98,5,debit
1132,5/4/2025,1146,2016,402,0,0,5,debit
1133,5/4/2025,1184,2034,402,3,680.85,20,storecredit
1134,5/4/2025,1097,2025,402,1,1258.29,5,debit
1135,5/4/2025,1121,2001,402,3,0,15,cash
1136,5/4/2025,1127,2017,403,3,0,20,storecredit
1137,5/4/2025,1076,2032,401,3,6619.2,20,storecredit
1138,5/4/2025,1025,2088,402,0,0,20,storecredit
1139,5/4/2025,1055,2032,404,0,945.6,5,debit
1140,5/4/2025,1115,2095,403,2,0,15,cash
1141,5/4/2025,1092,2046,403,2,80.23,15,cash
1142,5/4/2025,1005,2052,401,2,1170.02,15,cash
1143,5/4/2025,1173,2077,402,1,1516.94,5,debit
1144,5/4/2025,1199,2036,403,2,871.92,5,debit
1145,5/4/2025,1172,2065,404,3,2822.04,20,storecredit
1146,5/4/2025,1020,2048,403,3,1072.89,5,debit
1147,5/4/2025,1161,2018,402,2,1301.42,15,cash
1148,5/4/2025,1107,2080,404,0,4993.56,20,storecredit
1149,5/4/2025,1020,2020,403,1,1014.74,20,storecredit
1150,5/4/2025,1080,2040,403,2,55.26,20,storecredit
1151,5/4/2025,1154,2082,404,2,639.84,5,debit
1152,5/4/2025,1113,2099,403,3,646.32,15,cash
1153,5/4/2025,1105,2021,402,0,835.41,15,cash
1154,5/4/2025,1032,2093,402,2,2419.01,15,cash
1155,5/4/2025,1190,2089,401,1,0,5,debit
1156,5/4/2025,1042,2050,401,0,1120.68,5,debit
1157,5/4/2025,1016,2060,401,0,816.76,20,storecredit
1158,5/4/2025,1197,2050,401,0,560.34,5,debit
1159,5/4/2025,1067,2079,402,0,1901.08,15,cash
1160,5/4/2025,1167,2049,403,1,0,20,storecredit
1161,5/4/2025,1063,2094,403,3,493.35,20,storecredit
1162,5/4/2025,1160,2016,402,1,1162.87,20,storecredit
1163,5/4/2025,1007,2004,403,2,2225.4,5,debit
1164,5/4/2025,1121,2059,403,3,2048.2,15,cash
1165,5/4/2025,1034,2089,402,3,2481.12,15,cash
1166,5/4/2025,1161,2095,404,2,392.63,15,cash
1167,5/4/2025,1088,2061,402,0,799.68,5,debit
1168,5/4/2025,1113,2039,403,3,976.44,5,debit
1169,5/4/2025,1066,2019,403,0,933.93,20,storecredit
1170,5/4/2025,1000,2066,402,2,412.85,5,debit
1171,5/4/2025,1073,2060,401,3,0,15,cash
1172,5/4/2025,1193,2061,403,0,199.92,20,storecredit
1173,5/4/2025,1196,2055,403,1,194.18,20,storecredit
1174,5/4/2025,1001,2070,403,1,61.52,20,storecredit
1175,5/4/2025,1105,2071,404,3,615.16,5,debit
1176,5/4/2025,1063,2020,404,3,375.83,15,cash
1177,5/4/2025,1056,2033,401,3,836.25,15,cash
1178,5/4/2025,1160,2030,403,2,271.95,15,cash
1179,5/4/2025,1166,2095,403,3,1472.37,5,debit
1180,5/4/2025,1048,2008,402,1,0,5,debit
1181,5/4/2025,1074,2014,404,3,738.9,20,storecredit
1182,5/4/2025,1069,2089,404,1,372.17,5,debit
1183,5/4/2025,1082,2002,402,0,1732,15,cash
1184,5/4/2025,1136,2002,402,0,1732,20,storecredit
1185,5/4/2025,1072,2034,402,3,0,20,storecredit
1186,5/4/2025,1186,2001,402,0,824.7,20,storecredit
1187,5/4/2025,1038,2001,404,1,0,5,debit
1188,5/4/2025,1087,2053,403,3,2440.6,15,cash
1189,5/4/2025,1095,2059,401,2,1638.56,15,cash
1190,5/4/2025,1020,2096,402,0,2688.72,15,cash
1191,5/4/2025,1068,2099,404,0,1938.96,5,debit
1192,5/4/2025,1139,2060,402,1,1102.63,5,debit
1193,5/4/2025,1064,2048,401,0,715.26,20,storecredit
1194,5/4/2025,1196,2091,402,3,0,5,debit
1195,5/4/2025,1197,2056,402,0,1049.44,15,cash
1196,5/4/2025,1050,2058,401,1,1800.22,20,storecredit
1197,5/4/2025,1121,2049,403,2,751.87,20,storecredit
1198,5/4/2025,1040,2080,401,0,1664.52,20,storecredit
1199,5/4/2025,1064,2061,403,1,179.93,5,debit
1200,5/4/2025,1092,2006,402,0,198,15,cash
1201,5/4/2025,1060,2081,404,2,1193.95,15,cash
1202,5/4/2025,1003,2021,403,0,2506.23,15,cash
1203,5/4/2025,1101,2031,401,0,1130.6,15,cash
1204,5/4/2025,1148,2088,404,1,0,5,debit
1205,5/4/2025,1095,2098,401,1,2451.22,5,debit
1206,5/4/2025,1040,2063,401,2,883.94,20,storecredit
1207,5/4/2025,1194,2080,401,0,1664.52,5,debit
1208,5/4/2025,1091,2082,402,0,0,15,cash
1209,5/4/2025,1032,2062,402,2,1981.95,20,storecredit
1210,5/4/2025,1142,2082,403,3,799.8,20,storecredit
1211,5/4/2025,1187,2024,401,3,372.81,20,storecredit
1212,5/4/2025,1091,2092,402,2,385.77,5,debit
1213,5/4/2025,1010,2062,404,2,990.98,15,cash
1214,5/4/2025,1138,2089,404,1,744.34,15,cash
1215,5/4/2025,1145,2023,403,2,1503.26,15,cash
1216,5/4/2025,1187,2059,403,1,1843.38,5,debit
1217,5/4/2025,1017,2067,402,3,0,5,debit
1218,5/4/2025,1075,2033,403,3,836.25,20,storecredit
1219,5/4/2025,1000,2099,404,1,2326.75,5,debit
1220,5/4/2025,1004,2079,403,1,0,15,cash
1221,5/4/2025,1082,2092,401,3,0,20,storecredit
1222,5/4/2025,1048,2067,404,1,785.56,20,storecredit
1223,5/4/2025,1156,2036,403,3,0,20,storecredit
1224,5/4/2025,1164,2041,401,0,804.21,5,debit
1225,5/4/2025,1133,2084,401,0,0,15,cash
1226,5/4/2025,1033,2022,401,1,604.06,15,cash
1227,5/4/2025,1027,2062,402,0,1238.72,15,cash
1228,5/4/2025,1008,2073,404,3,1498.29,5,debit
1229,5/4/2025,1134,2079,403,0,950.54,5,debit
1230,5/4/2025,1093,2028,401,0,1275.88,20,storecredit
1231,5/4/2025,1053,2083,404,0,2304.48,5,debit
1232,5/4/2025,1119,2081,401,2,0,15,cash
1233,5/4/2025,1142,2095,404,2,1177.9,20,storecredit
1234,5/4/2025,1181,2007,403,0,583.39,20,storecredit
1235,5/4/2025,1187,2009,403,0,265.24,20,storecredit
1236,5/4/2025,1055,2066,401,0,2580.3,5,debit
1237,5/4/2025,1185,2029,404,1,12.16,15,cash
1238,5/4/2025,1049,2067,402,1,261.86,15,cash
1239,5/4/2025,1142,2095,404,0,1963.16,15,cash
1240,5/4/2025,1196,2081,403,3,746.22,5,debit
1241,5/4/2025,1179,2085,404,0,242.15,5,debit
1242,5/4/2025,1042,2023,404,2,2254.9,20,storecredit
1243,5/4/2025,1168,2020,404,2,601.33,5,debit
1244,5/4/2025,1080,2070,403,2,0,15,cash
1245,5/4/2025,1105,2097,404,2,673.68,20,storecredit
1246,5/4/2025,1155,2030,402,3,509.91,20,storecredit
1247,5/4/2025,1196,2070,403,2,27.34,20,storecredit
1248,5/4/2025,1115,2057,404,0,1747.92,5,debit
1249,5/4/2025,1185,2004,403,0,2781.75,15,cash
1250,5/4/2025,1132,2017,403,0,0,15,cash
1251,5/4/2025,1076,2028,402,2,1020.7,15,cash
1252,5/4/2025,1005,2098,403,1,3268.3,5,debit
1253,5/4/2025,1024,2004,404,2,1483.6,5,debit
1254,5/4/2025,1039,2017,403,2,370.96,20,storecredit
1255,5/4/2025,1149,2031,402,2,904.48,5,debit
1256,5/4/2025,1076,2011,404,1,737.53,15,cash
1257,5/4/2025,1187,2009,403,3,198.93,20,storecredit
1258,5/4/2025,1044,2062,401,2,495.49,20,storecredit
1259,5/4/2025,1009,2093,404,0,0,20,storecredit
1260,5/4/2025,1199,2007,403,2,1400.14,5,debit
1261,5/4/2025,1111,2053,401,1,3294.81,15,cash
1262,5/4/2025,1191,2083,401,3,768.16,15,cash
1263,5/4/2025,1013,2039,401,2,1562.3,15,cash
1264,5/4/2025,1138,2072,402,2,672.48,5,debit
1265,5/4/2025,1128,2089,402,1,744.34,5,debit
1266,5/4/2025,1012,2086,404,3,2682.3,20,storecredit
1267,5/4/2025,1192,2076,401,1,1450.93,5,debit
1268,5/4/2025,1110,2037,404,1,324.13,15,cash
1269,5/4/2025,1033,2043,401,3,4367.25,20,storecredit
1270,5/4/2025,1146,2095,401,3,1963.16,20,storecredit
1271,5/4/2025,1067,2010,404,3,0,20,storecredit
1272,5/4/2025,1198,2089,402,1,744.34,5,debit
1273,5/4/2025,1123,2071,402,3,1845.48,15,cash
1274,5/4/2025,1101,2083,402,1,2074.03,15,cash
1275,5/4/2025,1062,2009,403,3,66.31,15,cash
1276,5/4/2025,1082,2087,401,0,318.64,5,debit
1277,5/4/2025,1171,2052,404,2,0,5,debit
1278,5/4/2025,1089,2024,403,2,298.25,20,storecredit
1279,5/4/2025,1152,2083,401,2,1843.58,5,debit
1280,5/4/2025,1043,2044,404,1,373.64,15,cash
1281,5/4/2025,1112,2005,402,1,0,20,storecredit
1282,5/4/2025,1175,2047,402,0,1004.94,20,storecredit
1283,5/4/2025,1028,2094,401,1,888.03,20,storecredit
1284,5/4/2025,1158,2018,403,0,2169.04,5,debit
1285,5/4/2025,1087,2088,401,2,567.48,15,cash
1286,5/4/2025,1115,2060,401,2,980.11,15,cash
1287,5/4/2025,1053,2094,402,1,888.03,15,cash
1288,5/4/2025,1139,2066,403,3,2580.3,5,debit
1289,5/4/2025,1159,2093,402,0,0,5,debit
1290,5/4/2025,1096,2074,401,2,1055.2,20,storecredit
1291,5/4/2025,1043,2007,403,1,525.05,5,debit
1292,5/4/2025,1178,2079,403,0,950.54,15,cash
1293,5/4/2025,1119,2083,401,0,768.16,20,storecredit
1294,5/4/2025,1099,2084,403,2,0,20,storecredit
1295,5/4/2025,1027,2002,403,3,866,20,storecredit
1296,5/4/2025,1059,2048,401,2,572.21,5,debit
1297,5/4/2025,1124,2076,401,1,2176.39,15,cash
1298,5/4/2025,1050,2064,404,0,1470.2,15,cash
1299,5/4/2025,1010,2031,403,2,1356.72,15,cash
1300,5/4/2025,1125,2050,402,0,373.56,5,debit
1301,5/4/2025,1088,2087,403,2,509.82,5,debit
1302,5/4/2025,1160,2038,402,2,2223.62,20,storecredit
1303,5/4/2025,1015,2080,403,3,2496.78,5,debit
1304,5/4/2025,1007,2071,403,1,553.64,15,cash
1305,5/4/2025,1038,2043,404,1,786.1,20,storecredit
1306,5/4/2025,1022,2093,404,1,2721.38,20,storecredit
1307,5/4/2025,1106,2030,402,3,1019.82,20,storecredit
1308,5/4/2025,1079,2077,403,3,561.83,5,debit
1309,5/4/2025,1138,2016,402,1,872.15,15,cash
1310,5/4/2025,1148,2069,402,1,418.3,15,cash
1311,5/4/2025,1079,2088,402,3,709.35,15,cash
1312,5/4/2025,1197,2018,402,2,867.62,5,debit
1313,5/4/2025,1017,2071,401,1,553.64,5,debit
1314,5/4/2025,1081,2018,401,2,867.62,20,storecredit
1315,5/4/2025,1105,2052,403,3,731.26,5,debit
1316,5/4/2025,1190,2081,403,1,0,15,cash
1317,5/4/2025,1199,2024,401,1,223.69,20,storecredit
1318,5/4/2025,1047,2003,403,1,346.66,20,storecredit
1319,5/4/2025,1152,2029,402,0,27.02,20,storecredit
1320,5/4/2025,1091,2010,404,1,210.17,5,debit
1321,5/4/2025,1128,2077,404,2,0,15,cash
1322,5/4/2025,1047,2049,404,3,0,15,cash
1323,5/4/2025,1035,2020,402,1,676.49,15,cash
1324,5/4/2025,1008,2052,401,2,585.01,5,debit
1325,5/4/2025,1105,2028,402,1,1148.29,5,debit
1326,5/4/2025,1016,2022,404,3,2684.72,20,storecredit
1327,5/4/2025,1176,2041,404,1,1447.58,5,debit
1328,5/4/2025,1109,2051,401,3,469.28,15,cash
1329,5/4/2025,1184,2040,404,0,103.62,20,storecredit
1330,5/4/2025,1133,2013,404,3,3741.44,20,storecredit
1331,5/4/2025,1010,2031,404,0,1130.6,20,storecredit
1332,5/4/2025,1142,2049,401,1,0,5,debit
1333,5/4/2025,1074,2056,404,2,839.55,15,cash
1334,5/4/2025,1198,2036,404,1,392.36,15,cash
1335,5/4/2025,1108,2037,401,1,648.25,15,cash
1336,5/4/2025,1118,2082,404,0,799.8,5,debit
1337,5/4/2025,1184,2064,401,1,264.64,5,debit
1338,5/4/2025,1199,2074,402,3,1978.5,20,storecredit
1339,5/4/2025,1105,2041,404,0,0,5,debit
1340,5/4/2025,1045,2058,402,3,0,15,cash
1341,5/4/2025,1023,2032,403,1,1702.08,20,storecredit
1342,5/4/2025,1183,2093,401,0,2267.82,20,storecredit
1343,5/4/2025,1029,2090,404,2,57.31,20,storecredit
1344,5/4/2025,1021,2067,404,1,261.86,5,debit
1345,5/4/2025,1096,2070,404,0,136.72,15,cash
1346,5/4/2025,1196,2021,403,1,751.87,15,cash
1347,5/4/2025,1041,2018,402,0,1084.52,15,cash
1348,5/4/2025,1107,2039,403,3,0,5,debit
1349,5/4/2025,1073,2080,402,0,3329.04,5,debit
1350,5/4/2025,1033,2025,401,2,671.09,20,storecredit
1351,5/4/2025,1003,2058,404,3,2000.25,5,debit
1352,5/4/2025,1139,2000,404,1,1744.76,15,cash
1353,5/4/2025,1055,2075,404,3,3122.56,20,storecredit
1354,5/4/2025,1104,2056,401,0,1574.16,20,storecredit
1355,5/4/2025,1062,2070,403,1,30.76,20,storecredit
1356,5/4/2025,1012,2023,402,0,2818.62,5,debit
1357,5/4/2025,1167,2044,401,1,560.47,15,cash
1358,5/4/2025,1008,2085,403,2,0,15,cash
1359,5/4/2025,1022,2006,401,3,990,15,cash
1360,5/4/2025,1045,2020,403,1,1352.99,5,debit
1361,5/4/2025,1116,2095,403,0,981.58,5,debit
1362,5/4/2025,1023,2098,403,2,1452.58,20,storecredit
1363,5/4/2025,1094,2048,401,3,1072.89,5,debit
1364,5/4/2025,1140,2008,403,3,0,15,cash
1365,5/4/2025,1034,2015,403,2,1079.95,20,storecredit
1366,5/4/2025,1134,2052,402,1,1316.27,20,storecredit
1367,5/4/2025,1156,2007,401,0,1750.17,20,storecredit
1368,5/4/2025,1123,2092,403,3,0,5,debit
1369,5/4/2025,1155,2040,403,2,27.63,15,cash
1370,5/4/2025,1033,2078,404,3,568.04,15,cash
1371,5/4/2025,1126,2023,402,2,2254.9,15,cash
1372,5/4/2025,1049,2000,401,0,3877.24,5,debit
1373,5/4/2025,1119,2080,401,1,0,5,debit
1374,5/4/2025,1157,2053,404,0,1830.45,20,storecredit
1375,5/4/2025,1085,2044,402,0,207.58,5,debit
1376,5/4/2025,1163,2025,403,2,447.39,15,cash
1377,5/4/2025,1017,2039,403,2,3905.76,20,storecredit
1378,5/4/2025,1196,2000,401,2,0,20,storecredit
1379,5/4/2025,1087,2050,401,1,168.1,20,storecredit
1380,5/4/2025,1049,2042,403,3,670.44,5,debit
1381,5/4/2025,1121,2004,402,3,3709,15,cash
1382,5/4/2025,1039,2080,404,2,665.81,15,cash
1383,5/4/2025,1118,2052,401,2,0,15,cash
1384,5/4/2025,1144,2092,403,0,1446.63,5,debit
1385,5/4/2025,1053,2073,403,2,1198.63,5,debit
1386,5/4/2025,1016,2019,403,0,0,20,storecredit
1387,5/4/2025,1086,2048,402,3,1072.89,5,debit
1388,5/4/2025,1047,2076,401,2,0,15,cash
1389,5/4/2025,1180,2040,401,2,110.53,20,storecredit
1390,5/4/2025,1105,2011,404,1,0,20,storecredit
1391,5/4/2025,1095,2057,403,1,786.56,20,storecredit
1392,5/4/2025,1134,2038,402,0,926.51,5,debit
1393,5/4/2025,1095,2004,402,0,0,15,cash
1394,5/4/2025,1113,2064,401,3,294.04,15,cash
1395,5/4/2025,1128,2019,402,2,1494.29,15,cash
1396,5/4/2025,1123,2093,403,2,3023.76,5,debit
1397,5/4/2025,1036,2098,401,1,817.07,5,debit
1398,5/4/2025,1052,2092,401,3,1928.84,20,storecredit
1399,5/4/2025,1099,2091,401,0,905.79,5,debit
1400,5/4/2025,1079,2005,401,2,1715.12,15,cash
1401,5/4/2025,1119,2005,401,2,686.05,20,storecredit
1402,5/4/2025,1005,2073,403,1,0,20,storecredit
1403,5/4/2025,1082,2025,402,2,223.7,20,storecredit
1404,5/4/2025,1070,2068,403,3,2460.72,5,debit
1405,5/4/2025,1171,2015,403,1,0,15,cash
1406,5/4/2025,1040,2035,401,0,899.99,15,cash
1407,5/4/2025,1159,2071,401,1,1660.93,15,cash
1408,5/4/2025,1138,2044,403,2,0,5,debit
1409,5/4/2025,1036,2090,403,1,0,5,debit
1410,5/4/2025,1043,2009,403,2,106.1,20,storecredit
1411,5/4/2025,1138,2056,401,1,944.5,5,debit
1412,5/4/2025,1007,2060,401,0,816.76,15,cash
1413,5/4/2025,1098,2006,401,3,990,20,storecredit
1414,5/4/2025,1100,2022,404,2,1610.83,20,storecredit
1415,5/4/2025,1079,2042,402,0,167.61,20,storecredit
1416,5/4/2025,1193,2097,404,1,2273.67,5,debit
1417,5/4/2025,1023,2089,404,0,413.52,15,cash
1418,5/4/2025,1116,2039,404,3,3905.76,15,cash
1419,5/4/2025,1059,2028,402,2,1531.06,15,cash
1420,5/4/2025,1093,2050,402,2,298.85,5,debit
1421,5/4/2025,1083,2058,404,0,2000.25,5,debit
1422,5/4/2025,1016,2060,401,2,653.41,20,storecredit
1423,5/4/2025,1122,2059,402,2,1228.92,5,debit
1424,5/4/2025,1196,2044,402,0,207.58,15,cash
1425,5/4/2025,1103,2091,401,2,2173.9,20,storecredit
1426,5/4/2025,1142,2083,401,2,1229.06,20,storecredit
1427,5/4/2025,1136,2059,404,3,2560.25,20,storecredit
1428,5/4/2025,1061,2079,402,1,2566.46,5,debit
1429,5/4/2025,1123,2049,401,2,751.87,15,cash
1430,5/4/2025,1053,2088,404,3,709.35,15,cash
1431,5/4/2025,1145,2043,402,1,1572.21,15,cash
1432,5/4/2025,1169,2085,401,3,1210.75,5,debit
1433,5/4/2025,1029,2075,404,2,1249.02,5,debit
1434,5/4/2025,1142,2012,404,1,1682.61,20,storecredit
1435,5/4/2025,1078,2051,401,0,117.32,5,debit
1436,5/4/2025,1175,2076,404,2,1289.71,15,cash
1437,5/4/2025,1126,2082,401,0,1066.4,20,storecredit
1438,5/4/2025,1055,2017,401,1,1669.32,20,storecredit
1439,5/4/2025,1169,2019,404,2,747.14,20,storecredit
1440,5/4/2025,1099,2078,404,1,383.43,5,debit
1441,5/4/2025,1052,2087,403,2,0,15,cash
1442,5/4/2025,1145,2086,403,3,2682.3,15,cash
1443,5/4/2025,1183,2044,401,0,1037.9,15,cash
1444,5/4/2025,1156,2065,404,1,423.31,5,debit
1445,5/4/2025,1075,2007,403,0,1166.78,5,debit
1446,5/4/2025,1000,2090,403,0,143.28,20,storecredit
1447,5/4/2025,1072,2003,402,3,0,5,debit
1448,5/4/2025,1179,2075,404,2,1873.54,15,cash
1449,5/4/2025,1182,2048,404,3,357.63,20,storecredit
1450,5/4/2025,1111,2069,402,1,836.6,20,storecredit
1451,5/4/2025,1121,2017,402,3,2782.2,20,storecredit
1452,5/4/2025,1092,2053,402,2,1464.36,5,debit
1453,5/4/2025,1171,2016,402,0,646.04,15,cash
1454,5/4/2025,1018,2082,401,1,0,15,cash
1455,5/4/2025,1184,2062,404,1,1672.27,15,cash
1456,5/4/2025,1021,2017,404,3,463.7,5,debit
1457,5/4/2025,1178,2077,404,1,505.65,5,debit
1458,5/4/2025,1116,2065,404,3,470.34,20,storecredit
1459,5/4/2025,1098,2045,402,1,280.93,5,debit
1460,5/4/2025,1108,2077,401,3,1685.49,15,cash
1461,5/4/2025,1187,2030,403,3,509.91,20,storecredit
1462,5/4/2025,1139,2073,403,0,499.43,20,storecredit
1463,5/4/2025,1009,2072,404,2,0,20,storecredit
1464,5/4/2025,1028,2074,404,0,3297.5,5,debit
1465,5/4/2025,1036,2093,403,3,0,15,cash
1466,5/4/2025,1132,2010,401,1,0,15,cash
1467,5/4/2025,1120,2080,401,2,665.81,15,cash
1468,5/4/2025,1156,2006,403,0,198,5,debit
1469,5/4/2025,1120,2058,404,2,1600.2,5,debit
1470,5/4/2025,1107,2045,403,2,249.71,20,storecredit
1471,5/4/2025,1042,2004,403,2,0,5,debit
1472,5/4/2025,1015,2080,404,1,749.03,15,cash
1473,5/4/2025,1146,2006,403,0,792,20,storecredit
1474,5/4/2025,1073,2062,401,1,1114.85,20,storecredit
1475,5/4/2025,1129,2009,403,2,0,20,storecredit
1476,5/4/2025,1033,2078,403,2,340.82,5,debit
1477,5/4/2025,1065,2001,401,1,371.12,15,cash
1478,5/4/2025,1151,2094,402,3,493.35,15,cash
1479,5/4/2025,1094,2022,403,1,0,15,cash
1480,5/4/2025,1124,2023,401,2,2254.9,5,debit
1481,5/4/2025,1021,2018,402,3,542.26,5,debit
1482,5/4/2025,1192,2052,404,1,0,20,storecredit
1483,5/4/2025,1169,2056,402,1,944.5,5,debit
1484,5/4/2025,1147,2093,403,0,2267.82,15,cash
1485,5/4/2025,1164,2033,401,0,836.25,20,storecredit
1486,5/4/2025,1042,2059,404,3,3072.3,20,storecredit
1487,5/4/2025,1077,2060,402,3,1633.52,20,storecredit
1488,5/4/2025,1174,2090,404,3,286.56,5,debit
1489,5/4/2025,1067,2018,404,0,2169.04,15,cash
1490,5/4/2025,1073,2057,404,2,349.58,15,cash
1491,5/4/2025,1135,2087,401,0,318.64,15,cash
1492,5/4/2025,1136,2081,403,3,2238.66,5,debit
1493,5/4/2025,1156,2083,403,2,1229.06,5,debit
1494,5/4/2025,1069,2034,401,2,217.87,20,storecredit
1495,5/4/2025,1167,2074,404,3,2638,5,debit
1496,5/4/2025,1197,2086,402,1,2414.07,15,cash
1497,5/4/2025,1133,2043,402,2,1397.52,20,storecredit
1498,5/4/2025,1140,2001,401,0,1237.05,20,storecredit
1499,5/4/2025,1003,2052,401,0,731.26,20,storecredit
1500,5/4/2025,1175,2057,403,1,1179.85,5,debit
1501,5/4/2025,1185,2036,403,1,980.91,15,cash
1502,5/4/2025,1008,2003,401,0,0,15,cash
1503,5/4/2025,1152,2084,402,0,281.85,15,cash
1504,5/4/2025,1181,2015,401,1,1214.95,5,debit
1505,5/4/2025,1096,2084,402,0,0,5,debit
1506,5/4/2025,1178,2023,403,2,1503.26,20,storecredit
1507,5/4/2025,1119,2084,401,3,0,5,debit
1508,5/4/2025,1070,2098,404,2,1452.58,15,cash
1509,5/4/2025,1065,2020,401,2,300.66,20,storecredit
1510,5/4/2025,1198,2007,404,3,2333.56,20,storecredit
1511,5/4/2025,1085,2007,403,2,933.42,20,storecredit
1512,5/4/2025,1045,2056,401,3,3148.32,5,debit
1513,5/4/2025,1051,2078,404,1,383.43,15,cash
1514,5/4/2025,1165,2062,401,1,557.42,15,cash
1515,5/4/2025,1138,2098,404,1,817.07,15,cash
1516,5/4/2025,1157,2082,401,3,1066.4,5,debit
1517,5/4/2025,1183,2033,401,0,0,5,debit
1518,5/4/2025,1018,2009,403,3,0,20,storecredit
1519,5/4/2025,1004,2063,402,0,552.46,5,debit
1520,5/4/2025,1009,2085,404,2,193.72,15,cash
1521,5/4/2025,1038,2089,403,3,1240.56,20,storecredit
1522,5/4/2025,1147,2000,404,3,4846.55,20,storecredit
1523,5/4/2025,1111,2051,401,1,211.18,20,storecredit
1524,5/4/2025,1000,2049,404,0,5639.04,5,debit
1525,5/4/2025,1145,2068,403,2,656.19,15,cash
1526,5/4/2025,1174,2038,404,0,1853.02,15,cash
1527,5/4/2025,1161,2082,401,2,213.28,15,cash
1528,5/4/2025,1136,2043,401,3,3493.8,5,debit
1529,5/4/2025,1194,2098,403,1,2451.22,5,debit
1530,5/4/2025,1045,2070,401,3,102.54,20,storecredit
1531,5/4/2025,1169,2024,403,3,621.35,5,debit
1532,5/4/2025,1027,2080,403,3,2496.78,15,cash
1533,5/4/2025,1021,2080,404,1,2247.1,20,storecredit
1534,5/4/2025,1035,2004,402,0,1854.5,20,storecredit
1535,5/4/2025,1184,2075,402,3,2341.92,20,storecredit
1536,5/4/2025,1099,2008,403,3,66.59,5,debit
1537,5/4/2025,1136,2057,401,0,1310.94,15,cash
1538,5/4/2025,1086,2007,403,0,1750.17,15,cash
1539,5/4/2025,1103,2015,402,3,2024.91,15,cash
1540,5/4/2025,1173,2068,402,1,0,5,debit
1541,5/4/2025,1018,2004,402,3,927.25,5,debit
1542,5/4/2025,1167,2002,404,0,866,20,storecredit
1543,5/4/2025,1062,2089,402,0,2067.6,5,debit
1544,5/4/2025,1044,2080,401,2,665.81,15,cash
1545,5/4/2025,1024,2058,402,0,2000.25,20,storecredit
1546,5/4/2025,1027,2014,404,1,443.34,20,storecredit
1547,5/4/2025,1016,2025,404,2,671.09,20,storecredit
1548,5/4/2025,1188,2086,404,2,2861.12,5,debit
1549,5/4/2025,1030,2087,402,2,382.37,15,cash
1550,5/4/2025,1054,2097,401,1,2273.67,15,cash
1551,5/4/2025,1085,2008,401,2,106.54,15,cash
1552,5/4/2025,1036,2096,404,1,1814.89,5,debit
1553,5/4/2025,1178,2047,402,3,1004.94,5,debit
1554,5/4/2025,1062,2074,401,1,1187.1,20,storecredit
1555,5/4/2025,1025,2080,404,1,3745.17,5,debit
1556,5/4/2025,1004,2062,401,0,2477.44,15,cash
1557,5/4/2025,1001,2022,401,2,536.94,20,storecredit
1558,5/4/2025,1106,2088,404,1,1276.83,20,storecredit
1559,5/4/2025,1052,2018,403,3,2169.04,20,storecredit
1560,5/4/2025,1105,2030,402,0,339.94,5,debit
1561,5/4/2025,1152,2023,404,0,1879.08,15,cash
1562,5/4/2025,1160,2038,403,3,0,15,cash
1563,5/4/2025,1001,2071,402,1,1660.93,15,cash
1564,5/4/2025,1030,2067,401,2,465.52,5,debit
1565,5/4/2025,1194,2069,402,3,929.56,5,debit
1566,5/4/2025,1197,2080,402,2,1331.62,20,storecredit
1567,5/4/2025,1013,2024,401,1,335.53,5,debit
1568,5/4/2025,1175,2060,404,1,735.08,15,cash
1569,5/4/2025,1040,2085,401,0,484.3,20,storecredit
1570,5/4/2025,1165,2046,403,1,60.17,20,storecredit
1571,5/4/2025,1111,2032,403,3,3782.4,20,storecredit
1572,5/4/2025,1011,2013,401,1,1683.65,5,debit
1573,5/4/2025,1040,2003,404,0,385.18,15,cash
1574,5/4/2025,1018,2030,404,2,135.98,15,cash
1575,5/4/2025,1107,2025,403,1,754.97,15,cash
1576,5/4/2025,1199,2014,403,1,0,5,debit
1577,5/4/2025,1025,2030,404,1,0,5,debit
1578,5/4/2025,1096,2028,401,3,2551.76,20,storecredit
1579,5/4/2025,1149,2062,401,3,1858.08,5,debit
1580,5/4/2025,1037,2027,404,1,465.5,15,cash
1581,5/4/2025,1099,2047,402,3,0,20,storecredit
1582,5/4/2025,1184,2024,403,2,198.83,20,storecredit
1583,5/4/2025,1051,2042,402,0,167.61,20,storecredit
1584,5/4/2025,1177,2072,401,2,672.48,5,debit
1585,5/4/2025,1034,2014,404,3,985.2,15,cash
1586,5/4/2025,1107,2021,403,1,751.87,15,cash
1587,5/4/2025,1075,2077,402,1,2528.24,15,cash
1588,5/4/2025,1147,2070,402,0,34.18,5,debit
1589,5/4/2025,1105,2066,404,1,928.91,5,debit
1590,5/4/2025,1151,2060,404,2,653.41,20,storecredit
1591,5/4/2025,1003,2093,404,1,680.35,5,debit
1592,5/4/2025,1063,2041,404,1,2171.37,15,cash
1593,5/4/2025,1151,2019,401,3,933.93,20,storecredit
1594,5/4/2025,1011,2005,404,0,428.78,20,storecredit
1595,5/4/2025,1108,2067,404,3,290.95,20,storecredit
1596,5/4/2025,1178,2012,404,3,623.19,5,debit
1597,5/4/2025,1061,2010,401,3,389.2,15,cash
1598,5/4/2025,1055,2016,403,2,0,15,cash
1599,5/4/2025,1061,2082,401,0,266.6,15,cash
1600,5/4/2025,1122,2085,403,1,217.94,5,debit
1601,5/4/2025,1180,2058,401,3,666.75,5,debit
1602,5/4/2025,1118,2098,402,3,907.86,20,storecredit
1603,5/4/2025,1047,2047,404,0,334.98,5,debit
1604,5/4/2025,1160,2009,404,2,0,15,cash
1605,5/4/2025,1135,2004,403,3,3709,20,storecredit
1606,5/4/2025,1192,2034,402,0,0,20,storecredit
1607,5/4/2025,1158,2042,401,2,402.26,20,storecredit
1608,5/4/2025,1013,2014,404,2,197.04,5,debit
1609,5/4/2025,1119,2079,401,2,4562.59,15,cash
1610,5/4/2025,1093,2022,401,1,604.06,15,cash
1611,5/4/2025,1035,2042,402,0,335.22,15,cash
1612,5/4/2025,1166,2061,402,1,179.93,5,debit
1613,5/4/2025,1082,2045,403,3,312.14,5,debit
1614,5/4/2025,1070,2006,401,2,633.6,20,storecredit
1615,5/4/2025,1088,2057,404,0,436.98,5,debit
1616,5/4/2025,1120,2090,403,3,214.92,15,cash
1617,5/4/2025,1158,2047,401,1,904.45,20,storecredit
1618,5/4/2025,1117,2011,401,3,0,20,storecredit
1619,5/4/2025,1045,2036,401,0,217.98,20,storecredit
1620,5/4/2025,1042,2035,401,1,809.99,5,debit
1621,5/4/2025,1127,2019,402,0,933.93,15,cash
1622,5/4/2025,1075,2053,402,3,2440.6,15,cash
1623,5/4/2025,1088,2053,404,0,610.15,15,cash
1624,5/4/2025,1074,2024,401,0,248.54,5,debit
1625,5/4/2025,1059,2066,403,3,2064.24,5,debit
1626,5/4/2025,1148,2043,403,3,873.45,20,storecredit
1627,5/4/2025,1151,2085,404,3,726.45,5,debit
1628,5/4/2025,1077,2072,402,2,1008.72,15,cash
1629,5/4/2025,1043,2033,402,3,836.25,20,storecredit
1630,5/4/2025,1095,2036,401,1,392.36,20,storecredit
1631,5/4/2025,1090,2036,404,1,588.55,20,storecredit
1632,5/4/2025,1158,2020,403,1,676.49,5,debit
1633,5/4/2025,1044,2090,402,1,0,15,cash
1634,5/4/2025,1060,2014,401,2,591.12,15,cash
1635,5/4/2025,1147,2016,404,2,516.83,15,cash
1636,5/4/2025,1094,2023,402,0,1879.08,5,debit
1637,5/4/2025,1170,2040,403,1,0,5,debit
1638,5/4/2025,1095,2057,402,2,349.58,20,storecredit
1639,5/4/2025,1031,2003,404,3,0,5,debit
1640,5/4/2025,1196,2018,404,2,433.81,15,cash
1641,5/4/2025,1039,2000,403,2,775.45,20,storecredit
1642,5/4/2025,1121,2037,402,3,1080.42,20,storecredit
1643,5/4/2025,1086,2088,401,3,2837.4,20,storecredit
1644,5/4/2025,1010,2017,401,2,1112.88,5,debit
1645,5/4/2025,1006,2051,402,3,351.96,15,cash
1646,5/4/2025,1091,2011,403,0,819.48,15,cash
1647,5/4/2025,1155,2082,402,1,959.76,15,cash
1648,5/4/2025,1005,2098,403,1,817.07,5,debit
1649,5/4/2025,1005,2010,404,0,233.52,5,debit
1650,5/4/2025,1131,2050,402,3,747.12,20,storecredit
1651,5/4/2025,1081,2077,401,2,1797.86,5,debit
1652,5/4/2025,1101,2018,404,2,867.62,15,cash
1653,5/4/2025,1098,2047,401,2,1071.94,20,storecredit
1654,5/4/2025,1088,2044,403,3,830.32,20,storecredit
1655,5/4/2025,1143,2011,402,3,1229.22,20,storecredit
1656,5/4/2025,1189,2053,404,2,1464.36,5,debit
1657,5/4/2025,1041,2093,404,3,2267.82,15,cash
1658,5/4/2025,1035,2075,401,1,1405.15,15,cash
1659,5/4/2025,1053,2038,404,2,2964.83,15,cash
1660,5/4/2025,1016,2075,404,0,3122.56,5,debit
1661,5/4/2025,1001,2052,403,3,731.26,5,debit
1662,5/4/2025,1044,2071,404,1,553.64,20,storecredit
1663,5/4/2025,1051,2023,404,2,0,5,debit
1664,5/4/2025,1141,2062,401,2,1486.46,15,cash
1665,5/4/2025,1149,2038,404,3,926.51,20,storecredit
1666,5/4/2025,1057,2003,401,1,2079.97,20,storecredit
1667,5/4/2025,1067,2038,404,0,926.51,20,storecredit
1668,5/4/2025,1167,2085,403,3,242.15,5,debit
1669,5/4/2025,1045,2062,402,0,1858.08,15,cash
1670,5/4/2025,1030,2097,403,3,3368.4,15,cash
1671,5/4/2025,1017,2076,403,3,0,15,cash
1672,5/4/2025,1144,2055,403,3,161.82,5,debit
1673,5/4/2025,1177,2015,403,0,674.97,5,debit
1674,5/4/2025,1066,2020,401,1,1014.74,20,storecredit
1675,5/4/2025,1081,2059,402,2,409.64,5,debit
1676,5/4/2025,1041,2006,403,2,475.2,15,cash
1677,5/4/2025,1107,2081,403,0,3731.1,20,storecredit
1678,5/4/2025,1074,2037,401,1,0,20,storecredit
1679,5/4/2025,1196,2080,402,0,832.26,20,storecredit
1680,5/4/2025,1153,2096,402,2,1075.49,5,debit
1681,5/4/2025,1080,2087,403,2,127.46,15,cash
1682,5/4/2025,1175,2089,403,0,2067.6,15,cash
1683,5/4/2025,1136,2074,403,1,593.55,15,cash
1684,5/4/2025,1003,2017,403,2,1112.88,5,debit
1685,5/4/2025,1199,2062,404,2,990.98,5,debit
1686,5/4/2025,1041,2013,402,1,1683.65,20,storecredit
1687,5/4/2025,1128,2028,402,0,0,5,debit
1688,5/4/2025,1106,2058,401,0,1333.5,15,cash
1689,5/4/2025,1033,2002,404,2,1385.6,20,storecredit
1690,5/4/2025,1079,2088,403,1,2553.66,20,storecredit
1691,5/4/2025,1113,2076,403,1,0,20,storecredit
1692,5/4/2025,1181,2038,401,0,2779.53,5,debit
1693,5/4/2025,1056,2016,402,1,872.15,15,cash
1694,5/4/2025,1078,2016,402,1,872.15,15,cash
1695,5/4/2025,1020,2054,401,0,1801.02,15,cash
1696,5/4/2025,1004,2099,404,3,0,5,debit
1697,5/4/2025,1010,2025,401,0,559.24,5,debit
1698,5/4/2025,1168,2065,401,3,1411.02,20,storecredit
1699,5/4/2025,1030,2032,401,0,945.6,5,debit
1700,5/4/2025,1077,2085,401,0,0,15,cash
1701,5/4/2025,1005,2015,402,1,0,20,storecredit
1702,5/4/2025,1047,2085,403,0,242.15,20,storecredit
1703,5/4/2025,1023,2018,403,2,0,20,storecredit
1704,5/4/2025,1090,2020,402,0,751.66,5,debit
1705,5/4/2025,1025,2074,401,1,593.55,15,cash
1706,5/4/2025,1183,2024,403,1,335.53,15,cash
1707,5/4/2025,1193,2068,401,0,820.24,15,cash
1708,5/4/2025,1054,2064,404,2,235.23,5,debit
1709,5/4/2025,1178,2075,402,3,5464.48,5,debit
1710,5/4/2025,1172,2013,402,2,2244.86,20,storecredit
1711,5/4/2025,1097,2054,402,1,810.46,5,debit
1712,5/4/2025,1104,2014,403,0,246.3,15,cash
1713,5/4/2025,1119,2014,402,3,1231.5,20,storecredit
1714,5/4/2025,1195,2046,403,0,100.29,20,storecredit
1715,5/4/2025,1021,2041,404,0,0,20,storecredit
1716,5/4/2025,1098,2036,404,2,0,5,debit
1717,5/4/2025,1175,2056,402,3,2098.88,15,cash
1718,5/4/2025,1074,2054,402,0,2701.53,15,cash
1719,5/4/2025,1121,2086,403,1,3218.76,15,cash
1720,5/4/2025,1003,2086,404,0,1788.2,5,debit
1721,5/4/2025,1101,2056,401,0,524.72,5,debit
1722,5/4/2025,1036,2050,404,0,747.12,20,storecredit
1723,5/4/2025,1189,2021,401,2,1336.66,5,debit
1724,5/4/2025,1050,2043,402,3,873.45,15,cash
1725,5/4/2025,1031,2029,404,3,40.53,20,storecredit
1726,5/4/2025,1071,2097,403,3,2526.3,20,storecredit
1727,5/4/2025,1091,2060,404,3,1225.14,20,storecredit
1728,5/4/2025,1130,2035,402,3,899.99,5,debit
1729,5/4/2025,1027,2015,403,3,0,15,cash
1730,5/4/2025,1127,2029,402,0,40.53,15,cash
1731,5/4/2025,1025,2094,401,0,1973.4,15,cash
1732,5/4/2025,1127,2086,401,1,4828.14,5,debit
1733,5/4/2025,1097,2077,403,1,2022.59,5,debit
1734,5/4/2025,1077,2079,401,0,1901.08,20,storecredit
1735,5/4/2025,1169,2096,404,3,672.18,5,debit
1736,5/4/2025,1051,2037,404,3,1800.7,15,cash
1737,5/4/2025,1129,2033,403,0,1672.5,20,storecredit
1738,5/4/2025,1195,2004,404,0,2781.75,20,storecredit
1739,5/4/2025,1098,2057,403,3,1310.94,20,storecredit
1740,5/4/2025,1113,2058,401,0,2000.25,5,debit
1741,5/4/2025,1045,2071,403,1,0,15,cash
1742,5/4/2025,1125,2055,402,2,86.3,15,cash
1743,5/4/2025,1183,2049,404,0,1879.68,15,cash
1744,5/4/2025,1145,2086,404,3,2682.3,5,debit
1745,5/4/2025,1121,2071,402,0,1845.48,5,debit
1746,5/4/2025,1100,2033,404,3,2508.75,20,storecredit
1747,5/4/2025,1157,2086,403,2,1430.56,5,debit
1748,5/4/2025,1082,2007,401,0,1750.17,15,cash
1749,5/4/2025,1032,2046,403,0,167.15,20,storecredit
1750,5/4/2025,1195,2080,403,3,3329.04,20,storecredit
1751,5/4/2025,1024,2054,403,2,0,20,storecredit
1752,5/4/2025,1105,2044,401,1,373.64,5,debit
1753,5/4/2025,1063,2030,403,0,509.91,15,cash
1754,5/4/2025,1176,2008,403,0,133.18,15,cash
1755,5/4/2025,1086,2021,401,2,2004.98,15,cash
1756,5/4/2025,1009,2058,404,3,2000.25,5,debit
1757,5/4/2025,1068,2002,404,0,0,5,debit
1758,5/4/2025,1081,2048,404,2,572.21,20,storecredit
1759,5/4/2025,1146,2012,404,0,623.19,5,debit
1760,5/4/2025,1176,2086,402,2,1430.56,15,cash
1761,5/4/2025,1127,2064,403,1,529.27,20,storecredit
1762,5/4/2025,1157,2038,403,3,4632.55,20,storecredit
1763,5/4/2025,1051,2063,401,1,0,20,storecredit
1764,5/4/2025,1073,2033,401,2,1338,5,debit
1765,5/4/2025,1146,2051,402,0,0,15,cash
1766,5/4/2025,1183,2074,401,2,0,15,cash
1767,5/4/2025,1069,2008,404,3,66.59,15,cash
1768,5/4/2025,1053,2044,401,2,332.13,5,debit
1769,5/4/2025,1129,2038,404,2,0,5,debit
1770,5/4/2025,1051,2053,404,2,488.12,20,storecredit
1771,5/4/2025,1159,2065,404,1,1693.22,5,debit
1772,5/4/2025,1004,2080,402,3,3329.04,15,cash
1773,5/4/2025,1054,2084,404,2,901.92,20,storecredit
1774,5/4/2025,1163,2068,404,0,1640.48,20,storecredit
1775,5/4/2025,1133,2025,403,3,838.86,20,storecredit
1776,5/4/2025,1037,2030,402,2,271.95,5,debit
1777,5/4/2025,1111,2052,403,0,731.26,15,cash
1778,5/4/2025,1162,2026,404,2,169.25,15,cash
1779,5/4/2025,1073,2082,402,2,213.28,15,cash
1780,5/4/2025,1175,2076,402,3,806.07,5,debit
1781,5/4/2025,1061,2014,402,1,665.01,5,debit
1782,5/4/2025,1007,2031,403,3,1695.9,20,storecredit
1783,5/4/2025,1124,2071,404,3,1845.48,5,debit
1784,5/4/2025,1165,2004,402,1,1669.05,15,cash
1785,5/4/2025,1069,2017,401,2,0,20,storecredit
1786,5/4/2025,1071,2084,402,0,281.85,20,storecredit
1787,5/4/2025,1184,2062,401,0,2477.44,20,storecredit
1788,5/4/2025,1021,2040,403,0,69.08,5,debit
1789,5/4/2025,1104,2046,401,3,167.15,15,cash
1790,5/4/2025,1185,2017,402,0,1854.8,15,cash
1791,5/4/2025,1146,2094,401,2,789.36,15,cash
1792,5/4/2025,1127,2011,402,0,409.74,5,debit
1793,5/4/2025,1197,2040,403,3,138.16,5,debit
1794,5/4/2025,1191,2095,402,3,1963.16,20,storecredit
1795,5/4/2025,1055,2018,401,1,488.03,5,debit
1796,5/4/2025,1054,2035,404,3,899.99,15,cash
1797,5/4/2025,1065,2075,401,3,3903.2,20,storecredit
1798,5/4/2025,1136,2047,401,2,267.98,20,storecredit
1799,5/4/2025,1139,2054,404,1,3241.84,20,storecredit
1800,5/4/2025,1071,2018,403,3,0,5,debit
1801,5/4/2025,1183,2047,403,0,1004.94,15,cash
1802,5/4/2025,1165,2077,401,0,1685.49,15,cash
1803,5/4/2025,1176,2085,402,2,581.16,15,cash
1804,5/4/2025,1141,2049,403,2,1503.74,15,cash
1805,5/4/2025,1175,2015,402,3,674.97,5,debit
1806,5/4/2025,1099,2001,404,2,0,5,debit
1807,5/4/2025,1077,2011,402,2,655.58,20,storecredit
1808,5/4/2025,1053,2020,404,2,601.33,5,debit
1809,5/4/2025,1196,2082,404,0,533.2,15,cash
1810,5/4/2025,1070,2010,404,3,311.36,20,storecredit
1811,5/4/2025,1188,2052,403,3,2925.04,20,storecredit
1812,5/4/2025,1025,2020,403,0,375.83,20,storecredit
1813,5/4/2025,1090,2053,403,3,1830.45,5,debit
1814,5/4/2025,1177,2003,401,1,346.66,15,cash
1815,5/4/2025,1161,2056,402,0,1049.44,15,cash
1816,5/4/2025,1102,2025,403,2,0,15,cash
1817,5/4/2025,1147,2010,401,1,70.06,5,debit
1818,5/4/2025,1063,2066,402,3,516.06,5,debit
1819,5/4/2025,1081,2057,404,1,786.56,20,storecredit
1820,5/4/2025,1066,2022,403,2,536.94,5,debit
1821,5/4/2025,1050,2010,404,2,62.27,15,cash
1822,5/4/2025,1046,2050,404,1,336.2,20,storecredit
1823,5/4/2025,1005,2002,402,0,3464,20,storecredit
1824,5/4/2025,1118,2025,403,1,0,20,storecredit
1825,5/4/2025,1012,2051,404,2,93.86,5,debit
1826,5/4/2025,1038,2011,403,1,1475.06,15,cash
1827,5/4/2025,1145,2015,401,3,2024.91,15,cash
1828,5/4/2025,1197,2058,404,0,666.75,15,cash
1829,5/4/2025,1057,2091,402,1,815.21,5,debit
1830,5/4/2025,1005,2034,403,3,544.68,5,debit
1831,5/4/2025,1097,2016,404,1,290.72,20,storecredit
1832,5/4/2025,1153,2027,403,1,698.25,5,debit
1833,5/4/2025,1107,2023,404,1,2536.76,15,cash
1834,5/4/2025,1007,2037,403,1,648.25,20,storecredit
1835,5/4/2025,1158,2057,402,2,699.17,20,storecredit
1836,5/4/2025,1149,2087,404,0,637.28,20,storecredit
1837,5/4/2025,1002,2060,402,2,326.7,5,debit
1838,5/4/2025,1177,2050,402,3,186.78,15,cash
1839,5/4/2025,1181,2054,403,0,1801.02,15,cash
1840,5/4/2025,1024,2071,401,0,615.16,15,cash
1841,5/4/2025,1085,2030,404,2,407.93,5,debit
1842,5/4/2025,1155,2085,401,0,726.45,5,debit
1843,5/4/2025,1064,2064,404,2,940.93,20,storecredit
1844,5/4/2025,1101,2085,403,1,217.94,5,debit
1845,5/4/2025,1143,2005,402,2,343.02,15,cash
1846,5/4/2025,1043,2064,404,2,235.23,20,storecredit
1847,5/4/2025,1119,2016,401,2,258.42,20,storecredit
1848,5/4/2025,1181,2067,404,1,523.71,20,storecredit
1849,5/4/2025,1066,2014,403,0,0,5,debit
1850,5/4/2025,1032,2063,403,2,441.97,15,cash
1851,5/4/2025,1110,2036,403,2,348.77,15,cash
1852,5/4/2025,1132,2040,404,1,124.34,15,cash
1853,5/4/2025,1080,2094,404,1,0,5,debit
1854,5/4/2025,1142,2084,404,0,0,5,debit
1855,5/4/2025,1048,2019,401,1,840.54,20,storecredit
1856,5/4/2025,1046,2004,404,2,741.8,5,debit
1857,5/4/2025,1041,2090,404,3,358.2,15,cash
1858,5/4/2025,1029,2063,401,3,1657.38,20,storecredit
1859,5/4/2025,1091,2090,404,3,214.92,20,storecredit
1860,5/4/2025,1126,2014,402,0,492.6,20,storecredit
1861,5/4/2025,1089,2011,402,2,1638.96,5,debit
1862,5/4/2025,1046,2021,403,1,2255.61,15,cash
1863,5/4/2025,1149,2000,402,3,4846.55,15,cash
1864,5/4/2025,1019,2031,404,0,1695.9,15,cash
1865,5/4/2025,1084,2003,403,0,0,5,debit
1866,5/4/2025,1100,2047,401,2,803.95,5,debit
1867,5/4/2025,1039,2003,401,3,1155.54,20,storecredit
1868,5/4/2025,1181,2084,404,3,1127.4,5,debit
1869,5/4/2025,1160,2034,401,2,326.81,15,cash
1870,5/4/2025,1011,2083,404,2,614.53,20,storecredit
1871,5/4/2025,1187,2093,402,1,680.35,20,storecredit
1872,5/4/2025,1012,2082,403,2,853.12,20,storecredit
1873,5/4/2025,1014,2095,401,3,0,5,debit
1874,5/4/2025,1023,2051,403,1,211.18,15,cash
1875,5/4/2025,1061,2098,404,0,2723.58,15,cash
1876,5/4/2025,1005,2026,402,3,211.56,15,cash
1877,5/4/2025,1199,2051,403,1,0,5,debit
1878,5/4/2025,1030,2038,404,3,3706.04,5,debit
1879,5/4/2025,1188,2039,402,2,1562.3,20,storecredit
1880,5/4/2025,1170,2012,403,1,560.87,5,debit
1881,5/4/2025,1125,2057,404,3,1310.94,15,cash
1882,5/4/2025,1068,2072,404,0,420.3,20,storecredit
1883,5/4/2025,1193,2054,403,1,0,20,storecredit
1884,5/4/2025,1111,2080,404,0,1664.52,20,storecredit
1885,5/4/2025,1010,2065,403,3,0,5,debit
1886,5/4/2025,1173,2028,402,3,2551.76,15,cash
1887,5/4/2025,1134,2080,401,2,1331.62,15,cash
1888,5/4/2025,1119,2055,401,3,269.7,15,cash
1889,5/4/2025,1076,2019,402,2,747.14,5,debit
1890,5/4/2025,1063,2066,404,2,0,5,debit
1891,5/4/2025,1145,2006,401,0,0,20,storecredit
1892,5/4/2025,1131,2013,404,3,4676.8,5,debit
1893,5/4/2025,1024,2059,403,2,0,15,cash
1894,5/4/2025,1065,2074,401,0,3297.5,20,storecredit
1895,5/4/2025,1029,2094,404,1,0,20,storecredit
1896,5/4/2025,1046,2050,401,0,560.34,20,storecredit
1897,5/4/2025,1106,2090,403,2,114.62,5,debit
1898,5/4/2025,1150,2092,404,3,482.21,15,cash
1899,5/4/2025,1159,2033,403,1,752.62,15,cash
1900,5/4/2025,1054,2023,401,2,751.63,15,cash
1901,5/4/2025,1172,2013,404,0,1870.72,5,debit
1902,5/4/2025,1001,2050,401,0,560.34,5,debit
1903,5/4/2025,1043,2083,404,3,2304.48,20,storecredit
1904,5/4/2025,1177,2051,404,2,281.57,5,debit
1905,5/4/2025,1158,2078,403,3,568.04,15,cash
1906,5/4/2025,1077,2011,402,1,368.77,20,storecredit
1907,5/4/2025,1003,2024,401,0,248.54,20,storecredit
1908,5/4/2025,1178,2024,401,1,223.69,20,storecredit
1909,5/4/2025,1123,2083,402,1,1382.69,5,debit
1910,5/4/2025,1111,2080,402,0,3329.04,15,cash
1911,5/4/2025,1077,2098,404,1,817.07,15,cash
1912,5/4/2025,1121,2054,401,0,0,15,cash
1913,5/4/2025,1042,2019,404,3,933.93,5,debit
1914,5/4/2025,1120,2002,404,1,1558.8,5,debit
1915,5/4/2025,1051,2037,404,0,0,20,storecredit
1916,5/4/2025,1085,2001,401,3,412.35,5,debit
1917,5/4/2025,1106,2063,403,0,0,15,cash
1918,5/4/2025,1124,2051,404,3,351.96,20,storecredit
1919,5/4/2025,1059,2091,401,0,1811.58,20,storecredit
1920,5/4/2025,1108,2073,403,0,1498.29,20,storecredit
1921,5/4/2025,1068,2082,404,3,0,5,debit
1922,5/4/2025,1029,2063,403,3,3314.76,15,cash
1923,5/4/2025,1178,2055,401,1,242.73,15,cash
1924,5/4/2025,1073,2092,402,3,482.21,15,cash
1925,5/4/2025,1088,2056,402,1,1888.99,5,debit
1926,5/4/2025,1150,2087,403,3,477.96,5,debit
1927,5/4/2025,1033,2037,404,3,1440.56,20,storecredit
1928,5/4/2025,1172,2083,403,3,2304.48,5,debit
1929,5/4/2025,1041,2079,402,2,2281.3,15,cash
1930,5/4/2025,1176,2095,401,3,1472.37,20,storecredit
1931,5/4/2025,1033,2022,402,1,1208.12,20,storecredit
1932,5/4/2025,1155,2062,401,3,1858.08,20,storecredit
1933,5/4/2025,1126,2038,402,1,1667.72,5,debit
1934,5/4/2025,1142,2006,401,2,0,15,cash
1935,5/4/2025,1066,2045,402,1,1123.7,15,cash
1936,5/4/2025,1128,2004,401,2,2967.2,15,cash
1937,5/4/2025,1110,2014,402,0,246.3,5,debit
1938,5/4/2025,1143,2028,404,2,1531.06,5,debit
1939,5/4/2025,1087,2045,401,2,0,20,storecredit
1940,5/4/2025,1038,2088,401,0,1418.7,5,debit
1941,5/4/2025,1112,2058,401,0,0,15,cash
1942,5/4/2025,1005,2078,401,0,426.03,20,storecredit
1943,5/4/2025,1129,2013,402,0,1870.72,20,storecredit
1944,5/4/2025,1052,2046,402,2,26.74,20,storecredit
1945,5/4/2025,1181,2056,404,0,0,5,debit
1946,5/4/2025,1039,2082,403,2,0,15,cash
1947,5/4/2025,1035,2015,402,3,3374.85,15,cash
1948,5/4/2025,1106,2098,401,1,1634.15,15,cash
1949,5/4/2025,1121,2043,403,1,1572.21,5,debit
1950,5/4/2025,1021,2034,403,3,544.68,5,debit
1951,5/4/2025,1092,2080,402,1,3745.17,20,storecredit
1952,5/4/2025,1192,2096,404,1,1814.89,5,debit
1953,5/4/2025,1035,2054,404,3,0,15,cash
1954,5/4/2025,1117,2066,403,0,0,20,storecredit
1955,5/4/2025,1113,2018,401,0,1084.52,20,storecredit
1956,5/4/2025,1021,2043,403,3,2620.35,20,storecredit
1957,5/4/2025,1197,2021,404,0,1670.82,5,debit
1958,5/4/2025,1100,2097,401,1,2273.67,15,cash
1959,5/4/2025,1147,2007,403,3,0,15,cash
1960,5/4/2025,1102,2087,403,2,0,15,cash
1961,5/4/2025,1088,2001,403,1,1113.34,5,debit
1962,5/4/2025,1179,2051,404,1,211.18,5,debit
1963,5/4/2025,1139,2079,404,2,2281.3,20,storecredit
1964,5/4/2025,1005,2083,404,1,691.34,5,debit
1965,5/4/2025,1077,2010,401,2,186.82,15,cash
1966,5/4/2025,1099,2092,402,2,1157.3,20,storecredit
1967,5/4/2025,1054,2011,403,2,327.79,20,storecredit
1968,5/4/2025,1193,2081,402,0,2238.66,20,storecredit
1969,5/4/2025,1007,2069,403,1,836.6,5,debit
1970,5/4/2025,1198,2038,404,0,1853.02,15,cash
1971,5/4/2025,1187,2007,403,2,466.71,15,cash
1972,5/4/2025,1160,2064,403,0,1176.16,15,cash
1973,5/4/2025,1012,2096,401,3,672.18,5,debit
1974,5/4/2025,1076,2073,401,3,499.43,5,debit
1975,5/4/2025,1086,2030,402,2,407.93,20,storecredit
1976,5/4/2025,1076,2036,402,3,217.98,5,debit
1977,5/4/2025,1133,2094,402,0,1973.4,15,cash
1978,5/4/2025,1083,2066,402,2,1238.54,20,storecredit
1979,5/4/2025,1116,2012,402,3,0,20,storecredit
1980,5/4/2025,1105,2010,401,0,155.68,20,storecredit
1981,5/4/2025,1108,2016,404,1,872.15,5,debit
1982,5/4/2025,1114,2009,403,3,198.93,15,cash
1983,5/4/2025,1150,2071,404,2,492.13,15,cash
1984,5/4/2025,1149,2063,404,3,2762.3,15,cash
1985,5/4/2025,1176,2062,404,1,557.42,5,debit
1986,5/4/2025,1036,2064,402,3,294.04,5,debit
1987,5/4/2025,1182,2058,402,0,0,20,storecredit
1988,5/4/2025,1177,2027,404,3,1034.44,5,debit
1989,5/4/2025,1008,2095,402,2,0,15,cash
1990,5/4/2025,1030,2077,404,0,1123.66,20,storecredit
1991,5/4/2025,1030,2047,403,0,334.98,20,storecredit
1992,5/4/2025,1133,2019,401,2,747.14,20,storecredit
1993,5/4/2025,1078,2047,403,2,535.97,5,debit
1994,5/4/2025,1124,2003,402,1,1386.65,15,cash
1995,5/4/2025,1005,2075,404,0,3122.56,15,cash
1996,5/4/2025,1078,2036,402,1,588.55,15,cash
1997,5/4/2025,1189,2062,401,0,2477.44,5,debit
1998,5/4/2025,1140,2044,401,0,207.58,5,debit
1999,5/4/2025,1106,2061,403,3,599.76,20,storecredit
2000,5/4/2025,1086,2048,404,1,321.87,5,debit
